=== Environment (auto-collected for debugging) ===
timestamp: 2026-09-29T16:40:59
platform: macOS-13.4-arm64-arm-64bit
machine: arm64
python: 3.12.4 (/Users/marianity/Desktop/Paper_three/.proteus/bin/python)
julia (on PATH): 1.11.9
socrates: (unknown)
agni: (unknown)
environment variables:
  FWL_DATA=(unset)
  RAD_DIR=(unset)
  FC_DIR=(unset)
  PETSC_DIR=(unset)
  PYTHON_JULIAPKG_EXE=(unset)
  PYTHON_JULIACALL_BINDIR=(unset)
  CONDA_DEFAULT_ENV=(unset)
  CONDA_PREFIX=(unset)
installed package versions:
  fwl-proteus: 25.11.19
  fwl-mors: 26.1.2
  fwl-janus: 24.11.5
  fwl-calliope: 26.7.3.post1.dev4+g74603c5f3
  fwl-zephyrus: 25.10.28
  fwl-aragog: 26.9.18
  fwl-zalmoxis: 26.9.21
  fwl-vulcan: (not installed)
  juliacall: 0.9.31
  juliapkg: 0.1.23
  jax: 0.11.1
  jaxlib: 0.11.1
  equinox: 0.13.8
  netcdf4: 1.7.4
  h5py: (not installed)
proteus checkout: /Users/marianity/Desktop/Paper_three/PROTEUS -> db39d15c

=== proteus update output ===
4 issue(s) to fix:

  [FAIL] fwl-aragog: 26.9.10 (requires >=26.09.18) [editable @ aragog -> 76aafde]
       bash tools/get_aragog.sh
  [FAIL] fwl-zalmoxis: 26.7.17 (requires >=26.09.21) [editable @ Zalmoxis -> ff8f031]
       bash tools/get_zalmoxis.sh
  [warn] AGNI: 1.12.4 (8a494d7c) differs from pin (4a6c286c)
       bash tools/get_agni.sh
  [FAIL] SOCRATES: not installed
       bash tools/get_socrates.sh

These need manual action (not run automatically):
  [FAIL] FWL_DATA: not set
       fix: export FWL_DATA=<path>  # add to your shell rc file
  [FAIL] RAD_DIR: not set
       fix: export RAD_DIR=<path>  # add to your shell rc file
  [FAIL] FC_DIR: not set
       fix: export FC_DIR=<path>  # add to your shell rc file
  [FAIL] PYTHON_JULIAPKG_EXE: not set
       fix: export PYTHON_JULIAPKG_EXE=<path>  # add to your shell rc file
  [warn] julia: 1.11.9 (1.11 is deprecated and will be dropped; use 1.13)
       fix: juliaup add 1.13 && juliaup default 1.13

Fixing: fwl-aragog
  $ bash tools/get_aragog.sh
Set up Aragog...
Hi planetmariana! You've successfully authenticated, but GitHub does not provide shell access.
Cloning from GitHub
    git@github.com:FormingWorlds/aragog.git -> /Users/marianity/Desktop/Paper_three/PROTEUS/aragog/
Cloning into '/Users/marianity/Desktop/Paper_three/PROTEUS/aragog'...
Pinning to fwl-aragog floor: 26.09.18
Note: switching to 'tags/26.09.18'.

You are in 'detached HEAD' state. You can look around, make experimental
changes and commit them, and you can discard any commits you make in this
state without impacting any branches by switching back to a branch.

If you want to create a new branch to retain commits you create, you may
do so (now or later) by using -c with the switch command. Example:

  git switch -c <new-branch-name>

Or undo this operation with:

  git switch -

Turn off this advice by setting config variable advice.detachedHead to false

HEAD is now at aa3c94d Relicense under Apache-2.0
Obtaining file:///Users/marianity/Desktop/Paper_three/PROTEUS/aragog
  Installing build dependencies: started
  Installing build dependencies: finished with status 'done'
  Checking if build backend supports build_editable: started
  Checking if build backend supports build_editable: finished with status 'done'
  Getting requirements to build editable: started
  Getting requirements to build editable: finished with status 'done'
  Preparing editable metadata (pyproject.toml): started
  Preparing editable metadata (pyproject.toml): finished with status 'done'
Requirement already satisfied: attrs>=23.1.0 in /Users/marianity/Desktop/Paper_three/.proteus/lib/python3.12/site-packages (from fwl-aragog==26.9.18) (26.1.0)
Requirement already satisfied: numpy>=2.0.0 in /Users/marianity/Desktop/Paper_three/.proteus/lib/python3.12/site-packages (from fwl-aragog==26.9.18) (2.4.4)
Requirement already satisfied: scipy>=1.12.0 in /Users/marianity/Desktop/Paper_three/.proteus/lib/python3.12/site-packages (from fwl-aragog==26.9.18) (1.17.1)
Requirement already satisfied: netCDF4>=1.7.0 in /Users/marianity/Desktop/Paper_three/.proteus/lib/python3.12/site-packages (from fwl-aragog==26.9.18) (1.7.4)
Requirement already satisfied: thermochem>=0.8.2 in /Users/marianity/Desktop/Paper_three/.proteus/lib/python3.12/site-packages (from fwl-aragog==26.9.18) (0.8.2)
Requirement already satisfied: matplotlib>=3.8.3 in /Users/marianity/Desktop/Paper_three/.proteus/lib/python3.12/site-packages (from fwl-aragog==26.9.18) (3.10.8)
Requirement already satisfied: typed-configparser>=1.1.0 in /Users/marianity/Desktop/Paper_three/.proteus/lib/python3.12/site-packages (from fwl-aragog==26.9.18) (1.1.0)
Requirement already satisfied: click>=8.1.3 in /Users/marianity/Desktop/Paper_three/.proteus/lib/python3.12/site-packages (from fwl-aragog==26.9.18) (8.3.2)
Requirement already satisfied: platformdirs>=3.10.0 in /Users/marianity/Desktop/Paper_three/.proteus/lib/python3.12/site-packages (from fwl-aragog==26.9.18) (3.11.0)
Requirement already satisfied: contourpy>=1.0.1 in /Users/marianity/Desktop/Paper_three/.proteus/lib/python3.12/site-packages (from matplotlib>=3.8.3->fwl-aragog==26.9.18) (1.3.3)
Requirement already satisfied: cycler>=0.10 in /Users/marianity/Desktop/Paper_three/.proteus/lib/python3.12/site-packages (from matplotlib>=3.8.3->fwl-aragog==26.9.18) (0.12.1)
Requirement already satisfied: fonttools>=4.22.0 in /Users/marianity/Desktop/Paper_three/.proteus/lib/python3.12/site-packages (from matplotlib>=3.8.3->fwl-aragog==26.9.18) (4.62.1)
Requirement already satisfied: kiwisolver>=1.3.1 in /Users/marianity/Desktop/Paper_three/.proteus/lib/python3.12/site-packages (from matplotlib>=3.8.3->fwl-aragog==26.9.18) (1.5.0)
Requirement already satisfied: packaging>=20.0 in /Users/marianity/Desktop/Paper_three/.proteus/lib/python3.12/site-packages (from matplotlib>=3.8.3->fwl-aragog==26.9.18) (26.0)
Requirement already satisfied: pillow>=8 in /Users/marianity/Desktop/Paper_three/.proteus/lib/python3.12/site-packages (from matplotlib>=3.8.3->fwl-aragog==26.9.18) (12.2.0)
Requirement already satisfied: pyparsing>=3 in /Users/marianity/Desktop/Paper_three/.proteus/lib/python3.12/site-packages (from matplotlib>=3.8.3->fwl-aragog==26.9.18) (3.3.2)
Requirement already satisfied: python-dateutil>=2.7 in /Users/marianity/Desktop/Paper_three/.proteus/lib/python3.12/site-packages (from matplotlib>=3.8.3->fwl-aragog==26.9.18) (2.9.0.post0)
Requirement already satisfied: cftime in /Users/marianity/Desktop/Paper_three/.proteus/lib/python3.12/site-packages (from netCDF4>=1.7.0->fwl-aragog==26.9.18) (1.6.5)
Requirement already satisfied: certifi in /Users/marianity/Desktop/Paper_three/.proteus/lib/python3.12/site-packages (from netCDF4>=1.7.0->fwl-aragog==26.9.18) (2026.2.25)
Requirement already satisfied: pandas>=0.17.0 in /Users/marianity/Desktop/Paper_three/.proteus/lib/python3.12/site-packages (from thermochem>=0.8.2->fwl-aragog==26.9.18) (3.0.2)
Requirement already satisfied: six>=1.5 in /Users/marianity/Desktop/Paper_three/.proteus/lib/python3.12/site-packages (from python-dateutil>=2.7->matplotlib>=3.8.3->fwl-aragog==26.9.18) (1.17.0)
Building wheels for collected packages: fwl-aragog
  Building editable for fwl-aragog (pyproject.toml): started
  Building editable for fwl-aragog (pyproject.toml): finished with status 'done'
  Created wheel for fwl-aragog: filename=fwl_aragog-26.9.18-0.editable-py3-none-any.whl size=11629 sha256=e3bd6fc5edefca00980443a433fb34fb3b671f910f8337a5ccb733cabd2a0fc0
  Stored in directory: /private/var/folders/05/nm2gq6nd5d32dltgbmrjsmf80000gn/T/pip-ephem-wheel-cache-wb8q1w7s/wheels/29/0a/5c/68f02cf0f2f3cf298c97cb9953ac7b09b131cff31896cdf4d3
Successfully built fwl-aragog
Installing collected packages: fwl-aragog
  Attempting uninstall: fwl-aragog
    Found existing installation: fwl-aragog 26.9.10
    Uninstalling fwl-aragog-26.9.10:
      Successfully uninstalled fwl-aragog-26.9.10
Successfully installed fwl-aragog-26.9.18

[notice] A new release of pip is available: 24.0 -> 26.2.1
[notice] To update, run: pip install --upgrade pip
Done!
  done
Fixing: fwl-zalmoxis
  $ bash tools/get_zalmoxis.sh
Set up Zalmoxis...
Hi planetmariana! You've successfully authenticated, but GitHub does not provide shell access.
Cloning from GitHub
    git@github.com:FormingWorlds/Zalmoxis.git -> /Users/marianity/Desktop/Paper_three/PROTEUS/Zalmoxis/
Cloning into '/Users/marianity/Desktop/Paper_three/PROTEUS/Zalmoxis'...
Pinning to fwl-zalmoxis floor: 26.09.21
Note: switching to 'tags/26.09.21'.

You are in 'detached HEAD' state. You can look around, make experimental
changes and commit them, and you can discard any commits you make in this
state without impacting any branches by switching back to a branch.

If you want to create a new branch to retain commits you create, you may
do so (now or later) by using -c with the switch command. Example:

  git switch -c <new-branch-name>

Or undo this operation with:

  git switch -

Turn off this advice by setting config variable advice.detachedHead to false

HEAD is now at 31853e4 Honor mushy_zone_factor across the PALEOS EOS family (#86)
Obtaining file:///Users/marianity/Desktop/Paper_three/PROTEUS/Zalmoxis
  Installing build dependencies: started
  Installing build dependencies: finished with status 'done'
  Checking if build backend supports build_editable: started
  Checking if build backend supports build_editable: finished with status 'done'
  Getting requirements to build editable: started
  Getting requirements to build editable: finished with status 'done'
  Preparing editable metadata (pyproject.toml): started
  Preparing editable metadata (pyproject.toml): finished with status 'done'
Requirement already satisfied: numpy in /Users/marianity/Desktop/Paper_three/.proteus/lib/python3.12/site-packages (from fwl-zalmoxis==26.9.21) (2.4.4)
Requirement already satisfied: scipy<1.18,>=1.14 in /Users/marianity/Desktop/Paper_three/.proteus/lib/python3.12/site-packages (from fwl-zalmoxis==26.9.21) (1.17.1)
Requirement already satisfied: toml in /Users/marianity/Desktop/Paper_three/.proteus/lib/python3.12/site-packages (from fwl-zalmoxis==26.9.21) (0.10.2)
Requirement already satisfied: matplotlib in /Users/marianity/Desktop/Paper_three/.proteus/lib/python3.12/site-packages (from fwl-zalmoxis==26.9.21) (3.10.8)
Requirement already satisfied: python-ternary in /Users/marianity/Desktop/Paper_three/.proteus/lib/python3.12/site-packages (from fwl-zalmoxis==26.9.21) (1.0.8)
Requirement already satisfied: tqdm in /Users/marianity/Desktop/Paper_three/.proteus/lib/python3.12/site-packages (from fwl-zalmoxis==26.9.21) (4.67.3)
Requirement already satisfied: osfclient in /Users/marianity/Desktop/Paper_three/.proteus/lib/python3.12/site-packages (from fwl-zalmoxis==26.9.21) (0.0.5)
Requirement already satisfied: zenodo-get in /Users/marianity/Desktop/Paper_three/.proteus/lib/python3.12/site-packages (from fwl-zalmoxis==26.9.21) (3.0.0)
Requirement already satisfied: jax>=0.4.38 in /Users/marianity/Desktop/Paper_three/.proteus/lib/python3.12/site-packages (from fwl-zalmoxis==26.9.21) (0.11.1)
Requirement already satisfied: diffrax>=0.7 in /Users/marianity/Desktop/Paper_three/.proteus/lib/python3.12/site-packages (from fwl-zalmoxis==26.9.21) (0.7.2)
Requirement already satisfied: equinox>=0.11.10 in /Users/marianity/Desktop/Paper_three/.proteus/lib/python3.12/site-packages (from diffrax>=0.7->fwl-zalmoxis==26.9.21) (0.13.8)
Requirement already satisfied: jaxtyping>=0.2.24 in /Users/marianity/Desktop/Paper_three/.proteus/lib/python3.12/site-packages (from diffrax>=0.7->fwl-zalmoxis==26.9.21) (0.3.11)
Requirement already satisfied: lineax>=0.0.5 in /Users/marianity/Desktop/Paper_three/.proteus/lib/python3.12/site-packages (from diffrax>=0.7->fwl-zalmoxis==26.9.21) (0.1.1)
Requirement already satisfied: optimistix>=0.1.0 in /Users/marianity/Desktop/Paper_three/.proteus/lib/python3.12/site-packages (from diffrax>=0.7->fwl-zalmoxis==26.9.21) (0.1.0)
Requirement already satisfied: typing-extensions>=4.5.0 in /Users/marianity/Desktop/Paper_three/.proteus/lib/python3.12/site-packages (from diffrax>=0.7->fwl-zalmoxis==26.9.21) (4.15.0)
Requirement already satisfied: wadler-lindig>=0.1.1 in /Users/marianity/Desktop/Paper_three/.proteus/lib/python3.12/site-packages (from diffrax>=0.7->fwl-zalmoxis==26.9.21) (0.1.7)
Requirement already satisfied: jaxlib<=0.11.1,>=0.11.1 in /Users/marianity/Desktop/Paper_three/.proteus/lib/python3.12/site-packages (from jax>=0.4.38->fwl-zalmoxis==26.9.21) (0.11.1)
Requirement already satisfied: ml_dtypes>=0.5.0 in /Users/marianity/Desktop/Paper_three/.proteus/lib/python3.12/site-packages (from jax>=0.4.38->fwl-zalmoxis==26.9.21) (0.6.0)
Requirement already satisfied: opt_einsum in /Users/marianity/Desktop/Paper_three/.proteus/lib/python3.12/site-packages (from jax>=0.4.38->fwl-zalmoxis==26.9.21) (3.4.0)
Requirement already satisfied: contourpy>=1.0.1 in /Users/marianity/Desktop/Paper_three/.proteus/lib/python3.12/site-packages (from matplotlib->fwl-zalmoxis==26.9.21) (1.3.3)
Requirement already satisfied: cycler>=0.10 in /Users/marianity/Desktop/Paper_three/.proteus/lib/python3.12/site-packages (from matplotlib->fwl-zalmoxis==26.9.21) (0.12.1)
Requirement already satisfied: fonttools>=4.22.0 in /Users/marianity/Desktop/Paper_three/.proteus/lib/python3.12/site-packages (from matplotlib->fwl-zalmoxis==26.9.21) (4.62.1)
Requirement already satisfied: kiwisolver>=1.3.1 in /Users/marianity/Desktop/Paper_three/.proteus/lib/python3.12/site-packages (from matplotlib->fwl-zalmoxis==26.9.21) (1.5.0)
Requirement already satisfied: packaging>=20.0 in /Users/marianity/Desktop/Paper_three/.proteus/lib/python3.12/site-packages (from matplotlib->fwl-zalmoxis==26.9.21) (26.0)
Requirement already satisfied: pillow>=8 in /Users/marianity/Desktop/Paper_three/.proteus/lib/python3.12/site-packages (from matplotlib->fwl-zalmoxis==26.9.21) (12.2.0)
Requirement already satisfied: pyparsing>=3 in /Users/marianity/Desktop/Paper_three/.proteus/lib/python3.12/site-packages (from matplotlib->fwl-zalmoxis==26.9.21) (3.3.2)
Requirement already satisfied: python-dateutil>=2.7 in /Users/marianity/Desktop/Paper_three/.proteus/lib/python3.12/site-packages (from matplotlib->fwl-zalmoxis==26.9.21) (2.9.0.post0)
Requirement already satisfied: requests in /Users/marianity/Desktop/Paper_three/.proteus/lib/python3.12/site-packages (from osfclient->fwl-zalmoxis==26.9.21) (2.33.1)
Requirement already satisfied: six in /Users/marianity/Desktop/Paper_three/.proteus/lib/python3.12/site-packages (from osfclient->fwl-zalmoxis==26.9.21) (1.17.0)
Requirement already satisfied: httpx in /Users/marianity/Desktop/Paper_three/.proteus/lib/python3.12/site-packages (from zenodo-get->fwl-zalmoxis==26.9.21) (0.28.1)
Requirement already satisfied: humanize in /Users/marianity/Desktop/Paper_three/.proteus/lib/python3.12/site-packages (from zenodo-get->fwl-zalmoxis==26.9.21) (4.15.0)
Requirement already satisfied: click in /Users/marianity/Desktop/Paper_three/.proteus/lib/python3.12/site-packages (from zenodo-get->fwl-zalmoxis==26.9.21) (8.3.2)
Requirement already satisfied: loguru in /Users/marianity/Desktop/Paper_three/.proteus/lib/python3.12/site-packages (from zenodo-get->fwl-zalmoxis==26.9.21) (0.7.3)
Requirement already satisfied: coverage>=7.8.2 in /Users/marianity/Desktop/Paper_three/.proteus/lib/python3.12/site-packages (from zenodo-get->fwl-zalmoxis==26.9.21) (7.13.5)
Requirement already satisfied: httpx-retries>=0.4.5 in /Users/marianity/Desktop/Paper_three/.proteus/lib/python3.12/site-packages (from zenodo-get->fwl-zalmoxis==26.9.21) (0.4.6)
Requirement already satisfied: anyio in /Users/marianity/Desktop/Paper_three/.proteus/lib/python3.12/site-packages (from httpx->zenodo-get->fwl-zalmoxis==26.9.21) (4.13.0)
Requirement already satisfied: certifi in /Users/marianity/Desktop/Paper_three/.proteus/lib/python3.12/site-packages (from httpx->zenodo-get->fwl-zalmoxis==26.9.21) (2026.2.25)
Requirement already satisfied: httpcore==1.* in /Users/marianity/Desktop/Paper_three/.proteus/lib/python3.12/site-packages (from httpx->zenodo-get->fwl-zalmoxis==26.9.21) (1.0.9)
Requirement already satisfied: idna in /Users/marianity/Desktop/Paper_three/.proteus/lib/python3.12/site-packages (from httpx->zenodo-get->fwl-zalmoxis==26.9.21) (3.11)
Requirement already satisfied: h11>=0.16 in /Users/marianity/Desktop/Paper_three/.proteus/lib/python3.12/site-packages (from httpcore==1.*->httpx->zenodo-get->fwl-zalmoxis==26.9.21) (0.16.0)
Requirement already satisfied: charset_normalizer<4,>=2 in /Users/marianity/Desktop/Paper_three/.proteus/lib/python3.12/site-packages (from requests->osfclient->fwl-zalmoxis==26.9.21) (3.4.7)
Requirement already satisfied: urllib3<3,>=1.26 in /Users/marianity/Desktop/Paper_three/.proteus/lib/python3.12/site-packages (from requests->osfclient->fwl-zalmoxis==26.9.21) (2.6.3)
Building wheels for collected packages: fwl-zalmoxis
  Building editable for fwl-zalmoxis (pyproject.toml): started
  Building editable for fwl-zalmoxis (pyproject.toml): finished with status 'done'
  Created wheel for fwl-zalmoxis: filename=fwl_zalmoxis-26.9.21-0.editable-py3-none-any.whl size=9005 sha256=fea82b22b31ab9d80276777230bbdf45adf0952aa7273c3c8b6affdfcd72fa9a
  Stored in directory: /private/var/folders/05/nm2gq6nd5d32dltgbmrjsmf80000gn/T/pip-ephem-wheel-cache-2id0_wg3/wheels/ef/b3/20/2568f9636936d0fb2d484aba90a3a537d4775dbdd1e0a8b029
Successfully built fwl-zalmoxis
Installing collected packages: fwl-zalmoxis
  Attempting uninstall: fwl-zalmoxis
    Found existing installation: fwl-zalmoxis 26.7.17
    Uninstalling fwl-zalmoxis-26.7.17:
      Successfully uninstalled fwl-zalmoxis-26.7.17
Successfully installed fwl-zalmoxis-26.9.21

[notice] A new release of pip is available: 24.0 -> 26.2.1
[notice] To update, run: pip install --upgrade pip
Done!
  done
Fixing: AGNI
  $ bash tools/get_agni.sh
AGNI at 4a6c286c
Not updating AGNI from GitHub. When installing AGNI through the PROTEUS installer this is expected, since it checks out a specific commit. If you want to update AGNI, you should install it manually or request an update through PROTEUS.
Found SOCRATES path: no
    You need to install SOCRATES and set the RAD_DIR environment variable
    This requires modifying your shell rc file to export RAD_DIR
    Check the docs: https://www.h-nicholls.space/AGNI/
  command failed (exit 1)
  Run the command manually to investigate.
Fixing: SOCRATES
  $ bash tools/get_socrates.sh
Hi planetmariana! You've successfully authenticated, but GitHub does not provide shell access.
Cloning into '/Users/marianity/Desktop/Paper_three/PROTEUS/socrates'...
Generating make/Mk_cmd
    version:       2603.10
    precision:     double
    optimisations: -Ofast -march=native
Building the radiation code in bin/ and utilities in sbin/
Tue Sep 29 16:39:52 CEST 2026
cc -o Cinc_field Cinc_field.c -lm
cc -o Cscale_field Cscale_field.c -lm
/opt/homebrew/bin/gfortran -Ofast -march=native -fPIC -fallow-argument-mismatch -cpp   -L/Library/Developer/CommandLineTools/SDKs/MacOSX.sdk/usr/lib/ -c  realtype_rd.f90
/opt/homebrew/bin/gfortran -Ofast -march=native -fPIC -fallow-argument-mismatch -cpp   -L/Library/Developer/CommandLineTools/SDKs/MacOSX.sdk/usr/lib/ -c  missing_data_mod.f90
/opt/homebrew/bin/gfortran -Ofast -march=native -fPIC -fallow-argument-mismatch -cpp   -L/Library/Developer/CommandLineTools/SDKs/MacOSX.sdk/usr/lib/ -c  dimensions_pp_ucf.f90
/opt/homebrew/bin/gfortran -Ofast -march=native -fPIC -fallow-argument-mismatch -cpp   -L/Library/Developer/CommandLineTools/SDKs/MacOSX.sdk/usr/lib/ -c  dimensions_spec_ucf.f90
/opt/homebrew/bin/gfortran -Ofast -march=native -fPIC -fallow-argument-mismatch -cpp   -L/Library/Developer/CommandLineTools/SDKs/MacOSX.sdk/usr/lib/ -c  rad_pcf.f90
/opt/homebrew/bin/gfortran -Ofast -march=native -fPIC -fallow-argument-mismatch -cpp   -L/Library/Developer/CommandLineTools/SDKs/MacOSX.sdk/usr/lib/ -c  dimensions_cdl_ucf.f90
/opt/homebrew/bin/gfortran -Ofast -march=native -fPIC -fallow-argument-mismatch -cpp   -L/Library/Developer/CommandLineTools/SDKs/MacOSX.sdk/usr/lib/ -c  dimensions_fixed_pcf.f90
/opt/homebrew/bin/gfortran -Ofast -march=native -fPIC -fallow-argument-mismatch -cpp   -L/Library/Developer/CommandLineTools/SDKs/MacOSX.sdk/usr/lib/ -c  realtypefx_rd.f90
/opt/homebrew/bin/gfortran -Ofast -march=native -fPIC -fallow-argument-mismatch -cpp   -L/Library/Developer/CommandLineTools/SDKs/MacOSX.sdk/usr/lib/ -c  def_inst_flt.f90
/opt/homebrew/bin/gfortran -Ofast -march=native -fPIC -fallow-argument-mismatch -cpp   -L/Library/Developer/CommandLineTools/SDKs/MacOSX.sdk/usr/lib/ -c  def_refract.f90
/opt/homebrew/bin/gfortran -Ofast -march=native -fPIC -fallow-argument-mismatch -cpp   -L/Library/Developer/CommandLineTools/SDKs/MacOSX.sdk/usr/lib/ -c  def_std_io_icf.f90
/opt/homebrew/bin/gfortran -Ofast -march=native -fPIC -fallow-argument-mismatch -cpp   -L/Library/Developer/CommandLineTools/SDKs/MacOSX.sdk/usr/lib/ -c  def_data_in_icf.f90
/opt/homebrew/bin/gfortran -Ofast -march=native -fPIC -fallow-argument-mismatch -cpp   -L/Library/Developer/CommandLineTools/SDKs/MacOSX.sdk/usr/lib/ -c  file_type_pcf.f90
/opt/homebrew/bin/gfortran -Ofast -march=native -fPIC -fallow-argument-mismatch -cpp   -L/Library/Developer/CommandLineTools/SDKs/MacOSX.sdk/usr/lib/ -c  error_pcf.f90
/opt/homebrew/bin/gfortran -Ofast -march=native -fPIC -fallow-argument-mismatch -cpp   -L/Library/Developer/CommandLineTools/SDKs/MacOSX.sdk/usr/lib/ -c  input_head_pcf.f90
/opt/homebrew/bin/gfortran -Ofast -march=native -fPIC -fallow-argument-mismatch -cpp   -L/Library/Developer/CommandLineTools/SDKs/MacOSX.sdk/usr/lib/ -c  interp_mode_pcf.f90
/opt/homebrew/bin/gfortran -Ofast -march=native -fPIC -fallow-argument-mismatch -cpp   -L/Library/Developer/CommandLineTools/SDKs/MacOSX.sdk/usr/lib/ -c  scatter_pp_pcf.f90
/opt/homebrew/bin/gfortran -Ofast -march=native -fPIC -fallow-argument-mismatch -cpp   -L/Library/Developer/CommandLineTools/SDKs/MacOSX.sdk/usr/lib/ -c  weighting_pcf.f90
/opt/homebrew/bin/gfortran -Ofast -march=native -fPIC -fallow-argument-mismatch -cpp   -L/Library/Developer/CommandLineTools/SDKs/MacOSX.sdk/usr/lib/ -c  unit_list_pcf.f90
/opt/homebrew/bin/gfortran -Ofast -march=native -fPIC -fallow-argument-mismatch -cpp   -L/Library/Developer/CommandLineTools/SDKs/MacOSX.sdk/usr/lib/ -c  dimensions_field_ucf.f90
/opt/homebrew/bin/gfortran -Ofast -march=native -fPIC -fallow-argument-mismatch -cpp   -L/Library/Developer/CommandLineTools/SDKs/MacOSX.sdk/usr/lib/ -c  coord_transforms.f90
/opt/homebrew/bin/gfortran -Ofast -march=native -fPIC -fallow-argument-mismatch -cpp   -L/Library/Developer/CommandLineTools/SDKs/MacOSX.sdk/usr/lib/ -c  def_dimen.f90
/opt/homebrew/bin/gfortran -Ofast -march=native -fPIC -fallow-argument-mismatch -cpp   -L/Library/Developer/CommandLineTools/SDKs/MacOSX.sdk/usr/lib/ -c  filenamelength_mod.f90
/opt/homebrew/bin/gfortran -Ofast -march=native -fPIC -fallow-argument-mismatch -cpp   -L/Library/Developer/CommandLineTools/SDKs/MacOSX.sdk/usr/lib/ -c  ereport_mod.f90
/opt/homebrew/bin/gfortran -Ofast -march=native -fPIC -fallow-argument-mismatch -cpp   -L/Library/Developer/CommandLineTools/SDKs/MacOSX.sdk/usr/lib/ -c  parkind1.f90
/opt/homebrew/bin/gfortran -Ofast -march=native -fPIC -fallow-argument-mismatch -cpp   -L/Library/Developer/CommandLineTools/SDKs/MacOSX.sdk/usr/lib/ -c  diffusivity_factor.f90
/opt/homebrew/bin/gfortran -Ofast -march=native -fPIC -fallow-argument-mismatch -cpp   -L/Library/Developer/CommandLineTools/SDKs/MacOSX.sdk/usr/lib/ -c  errormessagelength_mod.f90
/opt/homebrew/bin/gfortran -Ofast -march=native -fPIC -fallow-argument-mismatch -cpp   -L/Library/Developer/CommandLineTools/SDKs/MacOSX.sdk/usr/lib/ -c  interp1d.f90
/opt/homebrew/bin/gfortran -Ofast -march=native -fPIC -fallow-argument-mismatch -cpp   -L/Library/Developer/CommandLineTools/SDKs/MacOSX.sdk/usr/lib/ -c  spline_evaluate.f90
/opt/homebrew/bin/gfortran -Ofast -march=native -fPIC -fallow-argument-mismatch -cpp   -L/Library/Developer/CommandLineTools/SDKs/MacOSX.sdk/usr/lib/ -c  spline_fit.f90
/opt/homebrew/bin/gfortran -Ofast -march=native -fPIC -fallow-argument-mismatch -cpp   -L/Library/Developer/CommandLineTools/SDKs/MacOSX.sdk/usr/lib/ -c  fit_parabola_90.f90
/opt/homebrew/bin/gfortran -Ofast -march=native -fPIC -fallow-argument-mismatch -cpp   -L/Library/Developer/CommandLineTools/SDKs/MacOSX.sdk/usr/lib/ -c  get_free_unit.f90
/opt/homebrew/bin/gfortran -Ofast -march=native -fPIC -fallow-argument-mismatch -cpp   -L/Library/Developer/CommandLineTools/SDKs/MacOSX.sdk/usr/lib/ -c  scale_parameters_acf.f90
/opt/homebrew/bin/gfortran -Ofast -march=native -fPIC -fallow-argument-mismatch -cpp   -L/Library/Developer/CommandLineTools/SDKs/MacOSX.sdk/usr/lib/ -c  map_heap_func.f90
/opt/homebrew/bin/gfortran -Ofast -march=native -fPIC -fallow-argument-mismatch -cpp   -L/Library/Developer/CommandLineTools/SDKs/MacOSX.sdk/usr/lib/ -c  open_file_out_90.f90
/opt/homebrew/bin/gfortran -Ofast -march=native -fPIC -fallow-argument-mismatch -cpp   -L/Library/Developer/CommandLineTools/SDKs/MacOSX.sdk/usr/lib/ -c  read_instrument_response_90.f90
/opt/homebrew/bin/gfortran -Ofast -march=native -fPIC -fallow-argument-mismatch -cpp   -L/Library/Developer/CommandLineTools/SDKs/MacOSX.sdk/usr/lib/ -c  remove_negative_gas_90.f90
/opt/homebrew/bin/gfortran -Ofast -march=native -fPIC -fallow-argument-mismatch -cpp   -L/Library/Developer/CommandLineTools/SDKs/MacOSX.sdk/usr/lib/ -c  remove_negative_cont_90.f90
/opt/homebrew/bin/gfortran -Ofast -march=native -fPIC -fallow-argument-mismatch -cpp   -L/Library/Developer/CommandLineTools/SDKs/MacOSX.sdk/usr/lib/ -c  set_interactive.f90
/opt/homebrew/bin/gfortran -Ofast -march=native -fPIC -fallow-argument-mismatch -cpp   -L/Library/Developer/CommandLineTools/SDKs/MacOSX.sdk/usr/lib/ -c  sum_unity.f90
/opt/homebrew/bin/gfortran -Ofast -march=native -fPIC -fallow-argument-mismatch -cpp   -L/Library/Developer/CommandLineTools/SDKs/MacOSX.sdk/usr/lib/ -c  trapezoid_90.f90
/opt/homebrew/bin/gfortran -Ofast -march=native -fPIC -fallow-argument-mismatch -cpp   -L/Library/Developer/CommandLineTools/SDKs/MacOSX.sdk/usr/lib/ -c  back_substitute.f
/opt/homebrew/bin/gfortran -Ofast -march=native -fPIC -fallow-argument-mismatch -cpp   -L/Library/Developer/CommandLineTools/SDKs/MacOSX.sdk/usr/lib/ -c  calc_thermal_coeff.f
/opt/homebrew/bin/gfortran -Ofast -march=native -fPIC -fallow-argument-mismatch -cpp   -L/Library/Developer/CommandLineTools/SDKs/MacOSX.sdk/usr/lib/ -c  calc_planck_tbl.f
/opt/homebrew/bin/gfortran -Ofast -march=native -fPIC -fallow-argument-mismatch -cpp   -L/Library/Developer/CommandLineTools/SDKs/MacOSX.sdk/usr/lib/ -c  inner_bracket.f
/opt/homebrew/bin/gfortran -Ofast -march=native -fPIC -fallow-argument-mismatch -cpp   -L/Library/Developer/CommandLineTools/SDKs/MacOSX.sdk/usr/lib/ -c  integrate_spline.f
/opt/homebrew/bin/gfortran -Ofast -march=native -fPIC -fallow-argument-mismatch -cpp   -L/Library/Developer/CommandLineTools/SDKs/MacOSX.sdk/usr/lib/ -c  lock_code.f
/opt/homebrew/bin/gfortran -Ofast -march=native -fPIC -fallow-argument-mismatch -cpp   -L/Library/Developer/CommandLineTools/SDKs/MacOSX.sdk/usr/lib/ -c  non_blank.f
/opt/homebrew/bin/gfortran -Ofast -march=native -fPIC -fallow-argument-mismatch -cpp   -L/Library/Developer/CommandLineTools/SDKs/MacOSX.sdk/usr/lib/ -c  open_file_in.f
/opt/homebrew/bin/gfortran -Ofast -march=native -fPIC -fallow-argument-mismatch -cpp   -L/Library/Developer/CommandLineTools/SDKs/MacOSX.sdk/usr/lib/ -c  open_file_out.f
/opt/homebrew/bin/gfortran -Ofast -march=native -fPIC -fallow-argument-mismatch -cpp   -L/Library/Developer/CommandLineTools/SDKs/MacOSX.sdk/usr/lib/ -c  point_bracket.f
/opt/homebrew/bin/gfortran -Ofast -march=native -fPIC -fallow-argument-mismatch -cpp   -L/Library/Developer/CommandLineTools/SDKs/MacOSX.sdk/usr/lib/ -c  read_line.f
/opt/homebrew/bin/gfortran -Ofast -march=native -fPIC -fallow-argument-mismatch -cpp   -L/Library/Developer/CommandLineTools/SDKs/MacOSX.sdk/usr/lib/ -c  read_word.f
/opt/homebrew/bin/gfortran -Ofast -march=native -fPIC -fallow-argument-mismatch -cpp   -L/Library/Developer/CommandLineTools/SDKs/MacOSX.sdk/usr/lib/ -c  svd_decompose.f
/opt/homebrew/bin/gfortran -Ofast -march=native -fPIC -fallow-argument-mismatch -cpp   -L/Library/Developer/CommandLineTools/SDKs/MacOSX.sdk/usr/lib/ -c  remove_blank.f
/opt/homebrew/bin/gfortran -Ofast -march=native -fPIC -fallow-argument-mismatch -cpp   -L/Library/Developer/CommandLineTools/SDKs/MacOSX.sdk/usr/lib/ -c  simpsons_rule.f
/opt/homebrew/bin/gfortran -Ofast -march=native -fPIC -fallow-argument-mismatch -cpp   -L/Library/Developer/CommandLineTools/SDKs/MacOSX.sdk/usr/lib/ -c  trapezoid.f
/opt/homebrew/bin/gfortran -Ofast -march=native -fPIC -fallow-argument-mismatch -cpp   -L/Library/Developer/CommandLineTools/SDKs/MacOSX.sdk/usr/lib/ -c  aerosol_profile_pcf.f90
/opt/homebrew/bin/gfortran -Ofast -march=native -fPIC -fallow-argument-mismatch -cpp   -L/Library/Developer/CommandLineTools/SDKs/MacOSX.sdk/usr/lib/ -c  aerosol_representation_pcf.f90
/opt/homebrew/bin/gfortran -Ofast -march=native -fPIC -fallow-argument-mismatch -cpp   -L/Library/Developer/CommandLineTools/SDKs/MacOSX.sdk/usr/lib/ -c  def_orbit.f90
/opt/homebrew/bin/gfortran -Ofast -march=native -fPIC -fallow-argument-mismatch -cpp   -L/Library/Developer/CommandLineTools/SDKs/MacOSX.sdk/usr/lib/ -c  filter_function.f90
/opt/homebrew/bin/gfortran -Ofast -march=native -fPIC -fallow-argument-mismatch -cpp   -L/Library/Developer/CommandLineTools/SDKs/MacOSX.sdk/usr/lib/ -c  method_merge_pcf.f90
/opt/homebrew/bin/gfortran -Ofast -march=native -fPIC -fallow-argument-mismatch -cpp   -L/Library/Developer/CommandLineTools/SDKs/MacOSX.sdk/usr/lib/ -c  runes_nc_nml_mod.f90
/opt/homebrew/bin/gfortran -Ofast -march=native -fPIC -fallow-argument-mismatch -cpp   -L/Library/Developer/CommandLineTools/SDKs/MacOSX.sdk/usr/lib/ -c  qsat_alg_pcf.f90
/opt/homebrew/bin/gfortran -Ofast -march=native -fPIC -fallow-argument-mismatch -cpp   -L/Library/Developer/CommandLineTools/SDKs/MacOSX.sdk/usr/lib/ -c  rand_gauss.f90
/opt/homebrew/bin/gfortran -Ofast -march=native -fPIC -fallow-argument-mismatch -cpp   -L/Library/Developer/CommandLineTools/SDKs/MacOSX.sdk/usr/lib/ -c  opt_prop_baran_mod.f90
/opt/homebrew/bin/gfortran -Ofast -march=native -fPIC -fallow-argument-mismatch -cpp   -L/Library/Developer/CommandLineTools/SDKs/MacOSX.sdk/usr/lib/ -c  opt_prop_fu_phf_mod.f90
/opt/homebrew/bin/gfortran -Ofast -march=native -fPIC -fallow-argument-mismatch -cpp   -L/Library/Developer/CommandLineTools/SDKs/MacOSX.sdk/usr/lib/ -c  opt_prop_pade_2_mod.f90
/opt/homebrew/bin/gfortran -Ofast -march=native -fPIC -fallow-argument-mismatch -cpp   -L/Library/Developer/CommandLineTools/SDKs/MacOSX.sdk/usr/lib/ -c  write_samson.f90
/opt/homebrew/bin/gfortran -Ofast -march=native -fPIC -fallow-argument-mismatch -cpp   -L/Library/Developer/CommandLineTools/SDKs/MacOSX.sdk/usr/lib/ -c  assign_horiz_cdl.f
/opt/homebrew/bin/gfortran -Ofast -march=native -fPIC -fallow-argument-mismatch -cpp   -L/Library/Developer/CommandLineTools/SDKs/MacOSX.sdk/usr/lib/ -c  assign_input_novert_cdl.f
/opt/homebrew/bin/gfortran -Ofast -march=native -fPIC -fallow-argument-mismatch -cpp   -L/Library/Developer/CommandLineTools/SDKs/MacOSX.sdk/usr/lib/ -c  assign_input_vert_cdl.f
/opt/homebrew/bin/gfortran -Ofast -march=native -fPIC -fallow-argument-mismatch -cpp   -L/Library/Developer/CommandLineTools/SDKs/MacOSX.sdk/usr/lib/ -c  assign_input_opt_cdl.f
/opt/homebrew/bin/gfortran -Ofast -march=native -fPIC -fallow-argument-mismatch -cpp   -L/Library/Developer/CommandLineTools/SDKs/MacOSX.sdk/usr/lib/ -c  assign_input_ss_cdl.f
/opt/homebrew/bin/gfortran -Ofast -march=native -fPIC -fallow-argument-mismatch -cpp   -L/Library/Developer/CommandLineTools/SDKs/MacOSX.sdk/usr/lib/ -c  assign_surface_char_cdl.f
/opt/homebrew/bin/gfortran -Ofast -march=native -fPIC -fallow-argument-mismatch -cpp   -L/Library/Developer/CommandLineTools/SDKs/MacOSX.sdk/usr/lib/ -c  calc_cdl_stride.f
/opt/homebrew/bin/gfortran -Ofast -march=native -fPIC -fallow-argument-mismatch -cpp   -L/Library/Developer/CommandLineTools/SDKs/MacOSX.sdk/usr/lib/ -c  calc_volume_fraction.f
/opt/homebrew/bin/gfortran -Ofast -march=native -fPIC -fallow-argument-mismatch -cpp   -L/Library/Developer/CommandLineTools/SDKs/MacOSX.sdk/usr/lib/ -c  extinction_profile.f
/opt/homebrew/bin/gfortran -Ofast -march=native -fPIC -fallow-argument-mismatch -cpp   -L/Library/Developer/CommandLineTools/SDKs/MacOSX.sdk/usr/lib/ -c  find_dimen_cdl.f
/opt/homebrew/bin/gfortran -Ofast -march=native -fPIC -fallow-argument-mismatch -cpp   -L/Library/Developer/CommandLineTools/SDKs/MacOSX.sdk/usr/lib/ -c  find_var_cdl.f
/opt/homebrew/bin/gfortran -Ofast -march=native -fPIC -fallow-argument-mismatch -cpp   -L/Library/Developer/CommandLineTools/SDKs/MacOSX.sdk/usr/lib/ -c  interpolate_p_mod.f90
/opt/homebrew/bin/gfortran -Ofast -march=native -fPIC -fallow-argument-mismatch -cpp   -L/Library/Developer/CommandLineTools/SDKs/MacOSX.sdk/usr/lib/ -c  l_find_component.f
/opt/homebrew/bin/gfortran -Ofast -march=native -fPIC -fallow-argument-mismatch -cpp   -L/Library/Developer/CommandLineTools/SDKs/MacOSX.sdk/usr/lib/ -c  merge_pressure.f
/opt/homebrew/bin/gfortran -Ofast -march=native -fPIC -fallow-argument-mismatch -cpp   -L/Library/Developer/CommandLineTools/SDKs/MacOSX.sdk/usr/lib/ -c  def_spherical_geometry.f90
/opt/homebrew/bin/gfortran -Ofast -march=native -fPIC -fallow-argument-mismatch -cpp   -L/Library/Developer/CommandLineTools/SDKs/MacOSX.sdk/usr/lib/ -c  gaussian_weight_pcf.f90
/opt/homebrew/bin/gfortran -Ofast -march=native -fPIC -fallow-argument-mismatch -cpp   -L/Library/Developer/CommandLineTools/SDKs/MacOSX.sdk/usr/lib/ -c  name_length.f
/opt/homebrew/bin/gfortran -Ofast -march=native -fPIC -fallow-argument-mismatch -cpp   -L/Library/Developer/CommandLineTools/SDKs/MacOSX.sdk/usr/lib/ -c  output_horiz_cdl.f
/opt/homebrew/bin/gfortran -Ofast -march=native -fPIC -fallow-argument-mismatch -cpp   -L/Library/Developer/CommandLineTools/SDKs/MacOSX.sdk/usr/lib/ -c  output_opt_profile_cdl.f
/opt/homebrew/bin/gfortran -Ofast -march=native -fPIC -fallow-argument-mismatch -cpp   -L/Library/Developer/CommandLineTools/SDKs/MacOSX.sdk/usr/lib/ -c  output_surf_cdl.f
/opt/homebrew/bin/gfortran -Ofast -march=native -fPIC -fallow-argument-mismatch -cpp   -L/Library/Developer/CommandLineTools/SDKs/MacOSX.sdk/usr/lib/ -c  output_vert_cdl.f
/opt/homebrew/bin/gfortran -Ofast -march=native -fPIC -fallow-argument-mismatch -cpp   -L/Library/Developer/CommandLineTools/SDKs/MacOSX.sdk/usr/lib/ -c  output_view_cdl.f
/opt/homebrew/bin/gfortran -Ofast -march=native -fPIC -fallow-argument-mismatch -cpp   -L/Library/Developer/CommandLineTools/SDKs/MacOSX.sdk/usr/lib/ -c  planck_cumul.f
/opt/homebrew/bin/gfortran -Ofast -march=native -fPIC -fallow-argument-mismatch -cpp   -L/Library/Developer/CommandLineTools/SDKs/MacOSX.sdk/usr/lib/ -c  qsat.f
/opt/homebrew/bin/gfortran -Ofast -march=native -fPIC -fallow-argument-mismatch -cpp   -L/Library/Developer/CommandLineTools/SDKs/MacOSX.sdk/usr/lib/ -c  qsat_gg.f
/opt/homebrew/bin/gfortran -Ofast -march=native -fPIC -fallow-argument-mismatch -cpp   -L/Library/Developer/CommandLineTools/SDKs/MacOSX.sdk/usr/lib/ -c  qsat_gg_ice.f
/opt/homebrew/bin/gfortran -Ofast -march=native -fPIC -fallow-argument-mismatch -cpp   -L/Library/Developer/CommandLineTools/SDKs/MacOSX.sdk/usr/lib/ -c  read_averaged_scatter.f
/opt/homebrew/bin/gfortran -Ofast -march=native -fPIC -fallow-argument-mismatch -cpp   -L/Library/Developer/CommandLineTools/SDKs/MacOSX.sdk/usr/lib/ -c  read_cdl.f
/opt/homebrew/bin/gfortran -Ofast -march=native -fPIC -fallow-argument-mismatch -cpp   -L/Library/Developer/CommandLineTools/SDKs/MacOSX.sdk/usr/lib/ -c  read_samson_p_field.f
/opt/homebrew/bin/gfortran -Ofast -march=native -fPIC -fallow-argument-mismatch -cpp   -L/Library/Developer/CommandLineTools/SDKs/MacOSX.sdk/usr/lib/ -c  read_genln2_flux.f
/opt/homebrew/bin/gfortran -Ofast -march=native -fPIC -fallow-argument-mismatch -cpp   -L/Library/Developer/CommandLineTools/SDKs/MacOSX.sdk/usr/lib/ -c  seaalbedo.f
/opt/homebrew/bin/gfortran -Ofast -march=native -fPIC -fallow-argument-mismatch -cpp   -L/Library/Developer/CommandLineTools/SDKs/MacOSX.sdk/usr/lib/ -c  seaalbedo_driver.f
/opt/homebrew/bin/gfortran -Ofast -march=native -fPIC -fallow-argument-mismatch -cpp   -L/Library/Developer/CommandLineTools/SDKs/MacOSX.sdk/usr/lib/ -c  set_state.f
/opt/homebrew/bin/gfortran -Ofast -march=native -fPIC -fallow-argument-mismatch -cpp   -L/Library/Developer/CommandLineTools/SDKs/MacOSX.sdk/usr/lib/ -c  split_cdl_line.f
/opt/homebrew/bin/gfortran -Ofast -march=native -fPIC -fallow-argument-mismatch -cpp   -L/Library/Developer/CommandLineTools/SDKs/MacOSX.sdk/usr/lib/ -c  write_cdl.f
/opt/homebrew/bin/gfortran -Ofast -march=native -fPIC -fallow-argument-mismatch -cpp   -L/Library/Developer/CommandLineTools/SDKs/MacOSX.sdk/usr/lib/ -c  write_cdl_field.f
/opt/homebrew/bin/gfortran -Ofast -march=native -fPIC -fallow-argument-mismatch -cpp   -L/Library/Developer/CommandLineTools/SDKs/MacOSX.sdk/usr/lib/ -c  def_planck.f90
/opt/homebrew/bin/gfortran -Ofast -march=native -fPIC -fallow-argument-mismatch -cpp   -L/Library/Developer/CommandLineTools/SDKs/MacOSX.sdk/usr/lib/ -c  def_qy.f90
/opt/homebrew/bin/gfortran -Ofast -march=native -fPIC -fallow-argument-mismatch -cpp   -L/Library/Developer/CommandLineTools/SDKs/MacOSX.sdk/usr/lib/ -c  def_ss_prop.f90
/opt/homebrew/bin/gfortran -Ofast -march=native -fPIC -fallow-argument-mismatch -cpp   -L/Library/Developer/CommandLineTools/SDKs/MacOSX.sdk/usr/lib/ -c  legendre_weight.f90
/opt/homebrew/bin/gfortran -Ofast -march=native -fPIC -fallow-argument-mismatch -cpp   -L/Library/Developer/CommandLineTools/SDKs/MacOSX.sdk/usr/lib/ -c  legendre_mod.f90
/opt/homebrew/bin/gfortran -Ofast -march=native -fPIC -fallow-argument-mismatch -cpp   -L/Library/Developer/CommandLineTools/SDKs/MacOSX.sdk/usr/lib/ -c  prsc_gather_spline.f90
/opt/homebrew/bin/gfortran -Ofast -march=native -fPIC -fallow-argument-mismatch -cpp   -L/Library/Developer/CommandLineTools/SDKs/MacOSX.sdk/usr/lib/ -c  rescale_tau_csr.f90
/opt/homebrew/bin/gfortran -Ofast -march=native -fPIC -fallow-argument-mismatch -cpp   -L/Library/Developer/CommandLineTools/SDKs/MacOSX.sdk/usr/lib/ -c  quicksort.f90
/opt/homebrew/bin/gfortran -Ofast -march=native -fPIC -fallow-argument-mismatch -cpp   -L/Library/Developer/CommandLineTools/SDKs/MacOSX.sdk/usr/lib/ -c  scale_wenyi.f90
/opt/homebrew/bin/gfortran -Ofast -march=native -fPIC -fallow-argument-mismatch -cpp   -L/Library/Developer/CommandLineTools/SDKs/MacOSX.sdk/usr/lib/ -c  rebin_esft_terms.f90
/opt/homebrew/bin/gfortran -Ofast -march=native -fPIC -fallow-argument-mismatch -cpp   -L/Library/Developer/CommandLineTools/SDKs/MacOSX.sdk/usr/lib/ -c  nlte_heating_data_mod.f90
/opt/homebrew/bin/gfortran -Ofast -march=native -fPIC -fallow-argument-mismatch -cpp   -L/Library/Developer/CommandLineTools/SDKs/MacOSX.sdk/usr/lib/ -c  ck_fit_pcf.f90
/opt/homebrew/bin/gfortran -Ofast -march=native -fPIC -fallow-argument-mismatch -cpp   -L/Library/Developer/CommandLineTools/SDKs/MacOSX.sdk/usr/lib/ -c  def_hitran_record.f90
/opt/homebrew/bin/gfortran -Ofast -march=native -fPIC -fallow-argument-mismatch -cpp   -L/Library/Developer/CommandLineTools/SDKs/MacOSX.sdk/usr/lib/ -c  hitran_cnst.f90
/opt/homebrew/bin/gfortran -Ofast -march=native -fPIC -fallow-argument-mismatch -cpp   -L/Library/Developer/CommandLineTools/SDKs/MacOSX.sdk/usr/lib/ -c  bi_interp.f90
/opt/homebrew/bin/gfortran -Ofast -march=native -fPIC -fallow-argument-mismatch -cpp   -L/Library/Developer/CommandLineTools/SDKs/MacOSX.sdk/usr/lib/ -c  ckd_extern_data.f90
/opt/homebrew/bin/gfortran -Ofast -march=native -fPIC -fallow-argument-mismatch -cpp   -L/Library/Developer/CommandLineTools/SDKs/MacOSX.sdk/usr/lib/ -c  ck_parm_acf.f90
/opt/homebrew/bin/gfortran -Ofast -march=native -fPIC -fallow-argument-mismatch -cpp   -L/Library/Developer/CommandLineTools/SDKs/MacOSX.sdk/usr/lib/ -c  line_prof_corr_mod.f90
/opt/homebrew/bin/gfortran -Ofast -march=native -fPIC -fallow-argument-mismatch -cpp   -L/Library/Developer/CommandLineTools/SDKs/MacOSX.sdk/usr/lib/ -c  conjugate_gradient_90.f90
/opt/homebrew/bin/gfortran -Ofast -march=native -fPIC -fallow-argument-mismatch -cpp   -L/Library/Developer/CommandLineTools/SDKs/MacOSX.sdk/usr/lib/ -c  exponent_fit_90.f90
/opt/homebrew/bin/gfortran -Ofast -march=native -fPIC -fallow-argument-mismatch -cpp   -L/Library/Developer/CommandLineTools/SDKs/MacOSX.sdk/usr/lib/ -c  func_scale_90.f90
/opt/homebrew/bin/gfortran -Ofast -march=native -fPIC -fallow-argument-mismatch -cpp   -L/Library/Developer/CommandLineTools/SDKs/MacOSX.sdk/usr/lib/ -c  func_scale_derivative_90.f90
/opt/homebrew/bin/gfortran -Ofast -march=native -fPIC -fallow-argument-mismatch -cpp   -L/Library/Developer/CommandLineTools/SDKs/MacOSX.sdk/usr/lib/ -c  offset_residual_trans_acf.f90
/opt/homebrew/bin/gfortran -Ofast -march=native -fPIC -fallow-argument-mismatch -cpp   -L/Library/Developer/CommandLineTools/SDKs/MacOSX.sdk/usr/lib/ -c  optimal_k.f90
/opt/homebrew/bin/gfortran -Ofast -march=native -fPIC -fallow-argument-mismatch -cpp   -L/Library/Developer/CommandLineTools/SDKs/MacOSX.sdk/usr/lib/ -c  read_pt_line_90.f90
/opt/homebrew/bin/gfortran -Ofast -march=native -fPIC -fallow-argument-mismatch -cpp   -L/Library/Developer/CommandLineTools/SDKs/MacOSX.sdk/usr/lib/ -c  type_residual_pcf.f90
/opt/homebrew/bin/gfortran -Ofast -march=native -fPIC -fallow-argument-mismatch -cpp   -L/Library/Developer/CommandLineTools/SDKs/MacOSX.sdk/usr/lib/ -c  scale_ck_fit_90.f90
/opt/homebrew/bin/gfortran -Ofast -march=native -fPIC -fallow-argument-mismatch -cpp   -L/Library/Developer/CommandLineTools/SDKs/MacOSX.sdk/usr/lib/ -c  -I/opt/homebrew/Cellar/netcdf-fortran/4.6.1_1/include -I/opt/homebrew/Cellar/netcdf-fortran/4.6.1_1/include -I/opt/homebrew/Cellar/netcdf-fortran/4.6.1_1/include  set_extern_ckd_self_data.f90
/opt/homebrew/bin/gfortran -Ofast -march=native -fPIC -fallow-argument-mismatch -cpp   -L/Library/Developer/CommandLineTools/SDKs/MacOSX.sdk/usr/lib/ -c  -I/opt/homebrew/Cellar/netcdf-fortran/4.6.1_1/include -I/opt/homebrew/Cellar/netcdf-fortran/4.6.1_1/include -I/opt/homebrew/Cellar/netcdf-fortran/4.6.1_1/include  set_extern_ckd_frn_data.f90
/opt/homebrew/bin/gfortran -Ofast -march=native -fPIC -fallow-argument-mismatch -cpp   -L/Library/Developer/CommandLineTools/SDKs/MacOSX.sdk/usr/lib/ -c  set_g_point_90.f90
/opt/homebrew/bin/gfortran -Ofast -march=native -fPIC -fallow-argument-mismatch -cpp   -L/Library/Developer/CommandLineTools/SDKs/MacOSX.sdk/usr/lib/ -c  terminate_scale_90.f90
/opt/homebrew/bin/gfortran -Ofast -march=native -fPIC -fallow-argument-mismatch -cpp   -L/Library/Developer/CommandLineTools/SDKs/MacOSX.sdk/usr/lib/ -c  trans_k_dist.f90
/opt/homebrew/bin/gfortran -Ofast -march=native -fPIC -fallow-argument-mismatch -cpp   -L/Library/Developer/CommandLineTools/SDKs/MacOSX.sdk/usr/lib/ -c  voigt_profile.f90
/opt/homebrew/bin/gfortran -Ofast -march=native -fPIC -fallow-argument-mismatch -cpp   -L/Library/Developer/CommandLineTools/SDKs/MacOSX.sdk/usr/lib/ -c  write_fit_90.f90
/opt/homebrew/bin/gfortran -Ofast -march=native -fPIC -fallow-argument-mismatch -cpp   -L/Library/Developer/CommandLineTools/SDKs/MacOSX.sdk/usr/lib/ -c  convert_elsey_shine.f90
/opt/homebrew/bin/gfortran -Ofast -march=native -fPIC -fallow-argument-mismatch -cpp   -L/Library/Developer/CommandLineTools/SDKs/MacOSX.sdk/usr/lib/ -c  dat2xsc.f90
/opt/homebrew/bin/gfortran -Ofast -march=native -fPIC -fallow-argument-mismatch -cpp   -L/Library/Developer/CommandLineTools/SDKs/MacOSX.sdk/usr/lib/ -c  xsc2xsc.f90
/opt/homebrew/bin/gfortran -Ofast -march=native -fPIC -fallow-argument-mismatch -cpp   -L/Library/Developer/CommandLineTools/SDKs/MacOSX.sdk/usr/lib/ -c  qtxt2parsum.f90
/opt/homebrew/bin/gfortran -Ofast -march=native -fPIC -fallow-argument-mismatch -cpp   -L/Library/Developer/CommandLineTools/SDKs/MacOSX.sdk/usr/lib/ -c  -I/opt/homebrew/Cellar/netcdf-fortran/4.6.1_1/include -I/opt/homebrew/Cellar/netcdf-fortran/4.6.1_1/include -I/opt/homebrew/Cellar/netcdf-fortran/4.6.1_1/include  lblcat.f90
/opt/homebrew/bin/gfortran -Ofast -march=native -fPIC -fallow-argument-mismatch -cpp   -L/Library/Developer/CommandLineTools/SDKs/MacOSX.sdk/usr/lib/ -c  def_sct_db.f90
/opt/homebrew/bin/gfortran -Ofast -march=native -fPIC -fallow-argument-mismatch -cpp   -L/Library/Developer/CommandLineTools/SDKs/MacOSX.sdk/usr/lib/ -c  shape_particle_pcf.f90
/opt/homebrew/bin/gfortran -Ofast -march=native -fPIC -fallow-argument-mismatch -cpp   -L/Library/Developer/CommandLineTools/SDKs/MacOSX.sdk/usr/lib/ -c  bna_factor_ccf.f90
/opt/homebrew/bin/gfortran -Ofast -march=native -fPIC -fallow-argument-mismatch -cpp   -L/Library/Developer/CommandLineTools/SDKs/MacOSX.sdk/usr/lib/ -c  polynomialroots.f90
/opt/homebrew/bin/gfortran -Ofast -march=native -fPIC -fallow-argument-mismatch -cpp   -L/Library/Developer/CommandLineTools/SDKs/MacOSX.sdk/usr/lib/ -c  cloud_fit_parm_acf.f90
/opt/homebrew/bin/gfortran -Ofast -march=native -fPIC -fallow-argument-mismatch -cpp   -L/Library/Developer/CommandLineTools/SDKs/MacOSX.sdk/usr/lib/ -c  def_db_ss_mono.f90
/opt/homebrew/bin/gfortran -Ofast -march=native -fPIC -fallow-argument-mismatch -cpp   -L/Library/Developer/CommandLineTools/SDKs/MacOSX.sdk/usr/lib/ -c  def_db_crystal_geometry.f90
/opt/homebrew/bin/gfortran -Ofast -march=native -fPIC -fallow-argument-mismatch -cpp   -L/Library/Developer/CommandLineTools/SDKs/MacOSX.sdk/usr/lib/ -c  def_size_dist.f90
/opt/homebrew/bin/gfortran -Ofast -march=native -fPIC -fallow-argument-mismatch -cpp   -L/Library/Developer/CommandLineTools/SDKs/MacOSX.sdk/usr/lib/ -c  prec_integral_tcf.f90
/opt/homebrew/bin/gfortran -Ofast -march=native -fPIC -fallow-argument-mismatch -cpp   -L/Library/Developer/CommandLineTools/SDKs/MacOSX.sdk/usr/lib/ -c  scatter_algorithm_pcf.f90
/opt/homebrew/bin/gfortran -Ofast -march=native -fPIC -fallow-argument-mismatch -cpp   -L/Library/Developer/CommandLineTools/SDKs/MacOSX.sdk/usr/lib/ -c  db_type_ucf.f90
/opt/homebrew/bin/gfortran -Ofast -march=native -fPIC -fallow-argument-mismatch -cpp   -L/Library/Developer/CommandLineTools/SDKs/MacOSX.sdk/usr/lib/ -c  decompose_phf_90.f90
/opt/homebrew/bin/gfortran -Ofast -march=native -fPIC -fallow-argument-mismatch -cpp   -L/Library/Developer/CommandLineTools/SDKs/MacOSX.sdk/usr/lib/ -c  def_s_scat_prop.f90
/opt/homebrew/bin/gfortran -Ofast -march=native -fPIC -fallow-argument-mismatch -cpp   -L/Library/Developer/CommandLineTools/SDKs/MacOSX.sdk/usr/lib/ -c  distribution_pcf.f90
/opt/homebrew/bin/gfortran -Ofast -march=native -fPIC -fallow-argument-mismatch -cpp   -L/Library/Developer/CommandLineTools/SDKs/MacOSX.sdk/usr/lib/ -c  get_db_wavelengths.f90
/opt/homebrew/bin/gfortran -Ofast -march=native -fPIC -fallow-argument-mismatch -cpp   -L/Library/Developer/CommandLineTools/SDKs/MacOSX.sdk/usr/lib/ -c  get_refract_index.f90
/opt/homebrew/bin/gfortran -Ofast -march=native -fPIC -fallow-argument-mismatch -cpp   -L/Library/Developer/CommandLineTools/SDKs/MacOSX.sdk/usr/lib/ -c  get_wavelengths.f90
/opt/homebrew/bin/gfortran -Ofast -march=native -fPIC -fallow-argument-mismatch -cpp   -L/Library/Developer/CommandLineTools/SDKs/MacOSX.sdk/usr/lib/ -c  ice_db_read_geometry.f90
/opt/homebrew/bin/gfortran -Ofast -march=native -fPIC -fallow-argument-mismatch -cpp   -L/Library/Developer/CommandLineTools/SDKs/MacOSX.sdk/usr/lib/ -c  max_size_acf.f90
/opt/homebrew/bin/gfortran -Ofast -march=native -fPIC -fallow-argument-mismatch -cpp   -L/Library/Developer/CommandLineTools/SDKs/MacOSX.sdk/usr/lib/ -c  measure_particle_pcf.f90
/opt/homebrew/bin/gfortran -Ofast -march=native -fPIC -fallow-argument-mismatch -cpp   -L/Library/Developer/CommandLineTools/SDKs/MacOSX.sdk/usr/lib/ -c  method_weight_pcf.f90
/opt/homebrew/bin/gfortran -Ofast -march=native -fPIC -fallow-argument-mismatch -cpp   -L/Library/Developer/CommandLineTools/SDKs/MacOSX.sdk/usr/lib/ -c  open_average_90.f90
/opt/homebrew/bin/gfortran -Ofast -march=native -fPIC -fallow-argument-mismatch -cpp   -L/Library/Developer/CommandLineTools/SDKs/MacOSX.sdk/usr/lib/ -c  parm_integ_acf.f90
/opt/homebrew/bin/gfortran -Ofast -march=native -fPIC -fallow-argument-mismatch -cpp   -L/Library/Developer/CommandLineTools/SDKs/MacOSX.sdk/usr/lib/ -c  particle_size_90.f90
/opt/homebrew/bin/gfortran -Ofast -march=native -fPIC -fallow-argument-mismatch -cpp   -L/Library/Developer/CommandLineTools/SDKs/MacOSX.sdk/usr/lib/ -c  read_scatter_block_90.f90
/opt/homebrew/bin/gfortran -Ofast -march=native -fPIC -fallow-argument-mismatch -cpp   -L/Library/Developer/CommandLineTools/SDKs/MacOSX.sdk/usr/lib/ -c  write_average_90.f90
/opt/homebrew/bin/gfortran -Ofast -march=native -fPIC -fallow-argument-mismatch -cpp   -L/Library/Developer/CommandLineTools/SDKs/MacOSX.sdk/usr/lib/ -c  grow_particles.f
/opt/homebrew/bin/gfortran -Ofast -march=native -fPIC -fallow-argument-mismatch -cpp   -L/Library/Developer/CommandLineTools/SDKs/MacOSX.sdk/usr/lib/ -c  adt_integral.f
/opt/homebrew/bin/gfortran -Ofast -march=native -fPIC -fallow-argument-mismatch -cpp   -L/Library/Developer/CommandLineTools/SDKs/MacOSX.sdk/usr/lib/ -c  gamma_fnc.f
/opt/homebrew/bin/gfortran -Ofast -march=native -fPIC -fallow-argument-mismatch -cpp   -L/Library/Developer/CommandLineTools/SDKs/MacOSX.sdk/usr/lib/ -c  refractive_index.f
/opt/homebrew/bin/gfortran -Ofast -march=native -fPIC -fallow-argument-mismatch -cpp   -L/Library/Developer/CommandLineTools/SDKs/MacOSX.sdk/usr/lib/ -c  mie_scatter.f
/opt/homebrew/bin/gfortran -Ofast -march=native -fPIC -fallow-argument-mismatch -cpp   -L/Library/Developer/CommandLineTools/SDKs/MacOSX.sdk/usr/lib/ -c  format_size.f
/opt/homebrew/bin/gfortran -Ofast -march=native -fPIC -fallow-argument-mismatch -cpp   -L/Library/Developer/CommandLineTools/SDKs/MacOSX.sdk/usr/lib/ -c  fval.f
/opt/homebrew/bin/gfortran -Ofast -march=native -fPIC -fallow-argument-mismatch -cpp   -L/Library/Developer/CommandLineTools/SDKs/MacOSX.sdk/usr/lib/ -c  gen_horiz_cdl.f
/opt/homebrew/bin/gfortran -Ofast -march=native -fPIC -fallow-argument-mismatch -cpp   -L/Library/Developer/CommandLineTools/SDKs/MacOSX.sdk/usr/lib/ -c  gen_surf_cdl.f
/opt/homebrew/bin/gfortran -Ofast -march=native -fPIC -fallow-argument-mismatch -cpp   -L/Library/Developer/CommandLineTools/SDKs/MacOSX.sdk/usr/lib/ -c  gen_view_cdl.f
/opt/homebrew/bin/gfortran -Ofast -march=native -fPIC -fallow-argument-mismatch -cpp   -L/Library/Developer/CommandLineTools/SDKs/MacOSX.sdk/usr/lib/ -c  hmrsph.f
/opt/homebrew/bin/gfortran -Ofast -march=native -fPIC -fallow-argument-mismatch -cpp   -L/Library/Developer/CommandLineTools/SDKs/MacOSX.sdk/usr/lib/ -c  inc_field.f
/opt/homebrew/bin/gfortran -Ofast -march=native -fPIC -fallow-argument-mismatch -cpp   -L/Library/Developer/CommandLineTools/SDKs/MacOSX.sdk/usr/lib/ -c  interp.f
/opt/homebrew/bin/gfortran -Ofast -march=native -fPIC -fallow-argument-mismatch -cpp   -L/Library/Developer/CommandLineTools/SDKs/MacOSX.sdk/usr/lib/ -c  merge.f
/opt/homebrew/bin/gfortran -Ofast -march=native -fPIC -fallow-argument-mismatch -cpp   -L/Library/Developer/CommandLineTools/SDKs/MacOSX.sdk/usr/lib/ -c  mid_point.f
/opt/homebrew/bin/gfortran -Ofast -march=native -fPIC -fallow-argument-mismatch -cpp   -L/Library/Developer/CommandLineTools/SDKs/MacOSX.sdk/usr/lib/ -c  phgt.f
/opt/homebrew/bin/gfortran -Ofast -march=native -fPIC -fallow-argument-mismatch -cpp   -L/Library/Developer/CommandLineTools/SDKs/MacOSX.sdk/usr/lib/ -c  scale_field.f
/opt/homebrew/bin/gfortran -Ofast -march=native -fPIC -fallow-argument-mismatch -cpp   -L/Library/Developer/CommandLineTools/SDKs/MacOSX.sdk/usr/lib/ -c  wadd.f
/opt/homebrew/bin/gfortran -Ofast -march=native -fPIC -fallow-argument-mismatch -cpp   -L/Library/Developer/CommandLineTools/SDKs/MacOSX.sdk/usr/lib/ -c  samson2cdl.f
/opt/homebrew/bin/gfortran -Ofast -march=native -fPIC -fallow-argument-mismatch -cpp   -L/Library/Developer/CommandLineTools/SDKs/MacOSX.sdk/usr/lib/ -c  cdl2samson.f90
/opt/homebrew/bin/gfortran -Ofast -march=native -fPIC -fallow-argument-mismatch -cpp   -L/Library/Developer/CommandLineTools/SDKs/MacOSX.sdk/usr/lib/ -c  orb_elem.f90
/opt/homebrew/bin/gfortran -Ofast -march=native -fPIC -fallow-argument-mismatch -cpp   -L/Library/Developer/CommandLineTools/SDKs/MacOSX.sdk/usr/lib/ -c  dimensions_cdf_ucf.f90
/opt/homebrew/bin/gfortran -Ofast -march=native -fPIC -fallow-argument-mismatch -cpp   -L/Library/Developer/CommandLineTools/SDKs/MacOSX.sdk/usr/lib/ -c  -I/opt/homebrew/Cellar/netcdf-fortran/4.6.1_1/include -I/opt/homebrew/Cellar/netcdf-fortran/4.6.1_1/include -I/opt/homebrew/Cellar/netcdf-fortran/4.6.1_1/include  dimensions_field_cdf_ucf.f90
/opt/homebrew/bin/gfortran -Ofast -march=native -fPIC -fallow-argument-mismatch -cpp   -L/Library/Developer/CommandLineTools/SDKs/MacOSX.sdk/usr/lib/ -c  -I/opt/homebrew/Cellar/netcdf-fortran/4.6.1_1/include -I/opt/homebrew/Cellar/netcdf-fortran/4.6.1_1/include -I/opt/homebrew/Cellar/netcdf-fortran/4.6.1_1/include  read_cdf.f90
/opt/homebrew/bin/gfortran -Ofast -march=native -fPIC -fallow-argument-mismatch -cpp   -L/Library/Developer/CommandLineTools/SDKs/MacOSX.sdk/usr/lib/ -c  -I/opt/homebrew/Cellar/netcdf-fortran/4.6.1_1/include -I/opt/homebrew/Cellar/netcdf-fortran/4.6.1_1/include -I/opt/homebrew/Cellar/netcdf-fortran/4.6.1_1/include  write_cdf.f90
/opt/homebrew/bin/gfortran -Ofast -march=native -fPIC -fallow-argument-mismatch -cpp   -L/Library/Developer/CommandLineTools/SDKs/MacOSX.sdk/usr/lib/ -c  -I/opt/homebrew/Cellar/netcdf-fortran/4.6.1_1/include -I/opt/homebrew/Cellar/netcdf-fortran/4.6.1_1/include -I/opt/homebrew/Cellar/netcdf-fortran/4.6.1_1/include  read_nc.f90
/opt/homebrew/bin/gfortran -Ofast -march=native -fPIC -fallow-argument-mismatch -cpp   -L/Library/Developer/CommandLineTools/SDKs/MacOSX.sdk/usr/lib/ -c  -I/opt/homebrew/Cellar/netcdf-fortran/4.6.1_1/include -I/opt/homebrew/Cellar/netcdf-fortran/4.6.1_1/include -I/opt/homebrew/Cellar/netcdf-fortran/4.6.1_1/include  write_nc.f90
/opt/homebrew/bin/gfortran -Ofast -march=native -fPIC -fallow-argument-mismatch -cpp   -L/Library/Developer/CommandLineTools/SDKs/MacOSX.sdk/usr/lib/ -c  assign_input_novert_cdf.f
/opt/homebrew/bin/gfortran -Ofast -march=native -fPIC -fallow-argument-mismatch -cpp   -L/Library/Developer/CommandLineTools/SDKs/MacOSX.sdk/usr/lib/ -c  assign_input_vert_cdf.f
/opt/homebrew/bin/gfortran -Ofast -march=native -fPIC -fallow-argument-mismatch -cpp   -L/Library/Developer/CommandLineTools/SDKs/MacOSX.sdk/usr/lib/ -c  assign_input_opt_cdf.f
/opt/homebrew/bin/gfortran -Ofast -march=native -fPIC -fallow-argument-mismatch -cpp   -L/Library/Developer/CommandLineTools/SDKs/MacOSX.sdk/usr/lib/ -c  assign_surface_char_cdf.f
/opt/homebrew/bin/gfortran -Ofast -march=native -fPIC -fallow-argument-mismatch -cpp   -L/Library/Developer/CommandLineTools/SDKs/MacOSX.sdk/usr/lib/ -c  output_vert_cdf.f
/opt/homebrew/bin/gfortran -Ofast -march=native -fPIC -fallow-argument-mismatch -cpp   -L/Library/Developer/CommandLineTools/SDKs/MacOSX.sdk/usr/lib/ -c  cdf2cdl.f90
/opt/homebrew/bin/gfortran -Ofast -march=native -fPIC -fallow-argument-mismatch -cpp   -L/Library/Developer/CommandLineTools/SDKs/MacOSX.sdk/usr/lib/ -c  cdl2cdf.f90
/opt/homebrew/bin/gfortran -Ofast -march=native -fPIC -fallow-argument-mismatch -cpp   -L/Library/Developer/CommandLineTools/SDKs/MacOSX.sdk/usr/lib/ -c  interp_cdf.f
/opt/homebrew/bin/gfortran -Ofast -march=native -fPIC -fallow-argument-mismatch -cpp   -L/Library/Developer/CommandLineTools/SDKs/MacOSX.sdk/usr/lib/ -c  cdf2samson.f90
/opt/homebrew/bin/gfortran -Ofast -march=native -fPIC -fallow-argument-mismatch -cpp   -L/Library/Developer/CommandLineTools/SDKs/MacOSX.sdk/usr/lib/ -c  samson2cdf.f
/opt/homebrew/bin/gfortran -Ofast -march=native -fPIC -fallow-argument-mismatch -cpp   -L/Library/Developer/CommandLineTools/SDKs/MacOSX.sdk/usr/lib/ -c  cosp_kinds.f90
/opt/homebrew/bin/gfortran -Ofast -march=native -fPIC -fallow-argument-mismatch -cpp   -L/Library/Developer/CommandLineTools/SDKs/MacOSX.sdk/usr/lib/ -c  cosp_def_diag.f90
/opt/homebrew/bin/gfortran -Ofast -march=native -fPIC -fallow-argument-mismatch -cpp   -L/Library/Developer/CommandLineTools/SDKs/MacOSX.sdk/usr/lib/ -c  cosp_input_mod.f90
/opt/homebrew/bin/gfortran -Ofast -march=native -fPIC -fallow-argument-mismatch -cpp   -L/Library/Developer/CommandLineTools/SDKs/MacOSX.sdk/usr/lib/ -c  array_lib.f90
/opt/homebrew/bin/gfortran -Ofast -march=native -fPIC -fallow-argument-mismatch -cpp   -L/Library/Developer/CommandLineTools/SDKs/MacOSX.sdk/usr/lib/ -c  cosp_errorHandling.f90
/opt/homebrew/bin/gfortran -Ofast -march=native -fPIC -fallow-argument-mismatch -cpp   -L/Library/Developer/CommandLineTools/SDKs/MacOSX.sdk/usr/lib/ -c  mrgrnk.f90
/opt/homebrew/bin/gfortran -Ofast -march=native -fPIC -fallow-argument-mismatch -cpp   -L/Library/Developer/CommandLineTools/SDKs/MacOSX.sdk/usr/lib/ -c  optics_lib.f90
/opt/homebrew/bin/gfortran -Ofast -march=native -fPIC -fallow-argument-mismatch -cpp   -L/Library/Developer/CommandLineTools/SDKs/MacOSX.sdk/usr/lib/ -c  cosp_diagnostics_mod.f90
/opt/homebrew/bin/gfortran -Ofast -march=native -fPIC -fallow-argument-mismatch -cpp   -L/Library/Developer/CommandLineTools/SDKs/MacOSX.sdk/usr/lib/ -c  mo_rng.f90
/opt/homebrew/bin/gfortran -Ofast -march=native -fPIC -fallow-argument-mismatch -cpp   -L/Library/Developer/CommandLineTools/SDKs/MacOSX.sdk/usr/lib/ -c  flexchem_kinds_mod.f90
/opt/homebrew/bin/gfortran -Ofast -march=native -fPIC -fallow-argument-mismatch -cpp   -L/Library/Developer/CommandLineTools/SDKs/MacOSX.sdk/usr/lib/ -c   opkda1.f
opkda1.f:123:72:

  123 |  110      PC(I) = PC(I-1) + FNQM1*PC(I)
      |                                                                        1
Warning: Fortran 2018 deleted feature: DO termination statement which is not END DO or CONTINUE with label 110 at (1)
opkda1.f:132:72:

  132 |  120      XPIN = XPIN + TSIGN*PC(I)/(I+1)
      |                                                                        1
Warning: Fortran 2018 deleted feature: DO termination statement which is not END DO or CONTINUE with label 120 at (1)
opkda1.f:137:72:

  137 |  130      ELCO(I+1,NQ) = RQ1FAC*PC(I)/I
      |                                                                        1
Warning: Fortran 2018 deleted feature: DO termination statement which is not END DO or CONTINUE with label 130 at (1)
opkda1.f:160:72:

  160 |  210      PC(I) = PC(I-1) + FNQ*PC(I)
      |                                                                        1
Warning: Fortran 2018 deleted feature: DO termination statement which is not END DO or CONTINUE with label 210 at (1)
opkda1.f:164:72:

  164 |  220      ELCO(I,NQ) = PC(I)/PC(2)
      |                                                                        1
Warning: Fortran 2018 deleted feature: DO termination statement which is not END DO or CONTINUE with label 220 at (1)
opkda1.f:248:72:

  248 |  10     IC = IC*JJ
      |                                                                        1
Warning: Fortran 2018 deleted feature: DO termination statement which is not END DO or CONTINUE with label 10 at (1)
opkda1.f:251:72:

  251 |  20     DKY(I) = C*YH(I,L)
      |                                                                        1
Warning: Fortran 2018 deleted feature: DO termination statement which is not END DO or CONTINUE with label 20 at (1)
opkda1.f:261:72:

  261 |  30       IC = IC*JJ
      |                                                                        1
Warning: Fortran 2018 deleted feature: DO termination statement which is not END DO or CONTINUE with label 30 at (1)
opkda1.f:264:72:

  264 |  40       DKY(I) = C*YH(I,JP1) + S*DKY(I)
      |                                                                        1
Warning: Fortran 2018 deleted feature: DO termination statement which is not END DO or CONTINUE with label 40 at (1)
opkda1.f:269:72:

  269 |  60     DKY(I) = R*DKY(I)
      |                                                                        1
Warning: Fortran 2018 deleted feature: DO termination statement which is not END DO or CONTINUE with label 60 at (1)
opkda1.f:372:72:

  372 |  110    WM(I+2) = 0.0D0
      |                                                                        1
Warning: Fortran 2018 deleted feature: DO termination statement which is not END DO or CONTINUE with label 110 at (1)
opkda1.f:376:72:

  376 |  120    WM(I+2) = WM(I+2)*CON
      |                                                                        1
Warning: Fortran 2018 deleted feature: DO termination statement which is not END DO or CONTINUE with label 120 at (1)
opkda1.f:392:72:

  392 |  220      WM(I+J1) = (FTEM(I) - SAVF(I))*FAC
      |                                                                        1
Warning: Fortran 2018 deleted feature: DO termination statement which is not END DO or CONTINUE with label 220 at (1)
opkda1.f:404:72:

  404 |  250    J = J + NP1
      |                                                                        1
Warning: Fortran 2018 deleted feature: DO termination statement which is not END DO or CONTINUE with label 250 at (1)
opkda1.f:415:72:

  415 |  310    Y(I) = Y(I) + R*(H*SAVF(I) - YH(I,2))
      |                                                                        1
Warning: Fortran 2018 deleted feature: DO termination statement which is not END DO or CONTINUE with label 310 at (1)
opkda1.f:439:72:

  439 |  410    WM(I+2) = 0.0D0
      |                                                                        1
Warning: Fortran 2018 deleted feature: DO termination statement which is not END DO or CONTINUE with label 410 at (1)
opkda1.f:443:72:

  443 |  420    WM(I+2) = WM(I+2)*CON
      |                                                                        1
Warning: Fortran 2018 deleted feature: DO termination statement which is not END DO or CONTINUE with label 420 at (1)
opkda1.f:461:72:

  461 |  530      Y(I) = Y(I) + R
      |                                                                        1
Warning: Fortran 2018 deleted feature: DO termination statement which is not END DO or CONTINUE with label 530 at (1)
opkda1.f:472:72:

  472 |  540        WM(II+I) = (FTEM(I) - SAVF(I))*FAC
      |                                                                        1
Warning: Fortran 2018 deleted feature: DO termination statement which is not END DO or CONTINUE with label 540 at (1)
opkda1.f:481:72:

  481 |  580    II = II + MEBAND
      |                                                                        1
Warning: Fortran 2018 deleted feature: DO termination statement which is not END DO or CONTINUE with label 580 at (1)
opkda1.f:570:72:

  570 |  320    WM(I+2) = 1.0D0/DI
      |                                                                        1
Warning: Fortran 2018 deleted feature: DO termination statement which is not END DO or CONTINUE with label 320 at (1)
opkda1.f:574:72:

  574 |  340    X(I) = WM(I+2)*X(I)
      |                                                                        1
Warning: Fortran 2018 deleted feature: DO termination statement which is not END DO or CONTINUE with label 340 at (1)
opkda1.f:636:72:

  636 |  10     RSAV(I) = RLS(I)
      |                                                                        1
Warning: Fortran 2018 deleted feature: DO termination statement which is not END DO or CONTINUE with label 10 at (1)
opkda1.f:638:72:

  638 |  20     ISAV(I) = ILS(I)
      |                                                                        1
Warning: Fortran 2018 deleted feature: DO termination statement which is not END DO or CONTINUE with label 20 at (1)
opkda1.f:643:72:

  643 |  110     RLS(I) = RSAV(I)
      |                                                                        1
Warning: Fortran 2018 deleted feature: DO termination statement which is not END DO or CONTINUE with label 110 at (1)
opkda1.f:645:72:

  645 |  120     ILS(I) = ISAV(I)
      |                                                                        1
Warning: Fortran 2018 deleted feature: DO termination statement which is not END DO or CONTINUE with label 120 at (1)
opkda1.f:828:72:

  828 |  125    EL(I) = ELCO(I,NQ)
      |                                                                        1
Warning: Fortran 2018 deleted feature: DO termination statement which is not END DO or CONTINUE with label 125 at (1)
opkda1.f:849:72:

  849 |  155    EL(I) = ELCO(I,NQ)
      |                                                                        1
Warning: Fortran 2018 deleted feature: DO termination statement which is not END DO or CONTINUE with label 155 at (1)
opkda1.f:873:72:

  873 |         DO 180 I = 1,N
      |                                                                        1
Warning: Fortran 2018 deleted feature: Shared DO termination label 180 at (1)
opkda1.f:874:72:

  874 |  180      YH(I,J) = YH(I,J)*R
      |                                                                        1
Warning: Fortran 2018 deleted feature: DO termination statement which is not END DO or CONTINUE with label 180 at (1)
opkda1.f:895:72:

  895 |  210      YH1(I) = YH1(I) + YH1(I+NYH)
      |                                                                        1
Warning: Fortran 2018 deleted feature: DO termination statement which is not END DO or CONTINUE with label 210 at (1)
opkda1.f:905:72:

  905 |  230    Y(I) = YH(I,1)
      |                                                                        1
Warning: Fortran 2018 deleted feature: DO termination statement which is not END DO or CONTINUE with label 230 at (1)
/opt/homebrew/bin/gfortran -Ofast -march=native -fPIC -fallow-argument-mismatch -cpp   -L/Library/Developer/CommandLineTools/SDKs/MacOSX.sdk/usr/lib/ -c   opkda2.f
opkda1.f:921:72:

  921 |  260    ACOR(I) = 0.0D0
      |                                                                        1
Warning: Fortran 2018 deleted feature: DO termination statement which is not END DO or CONTINUE with label 260 at (1)
opkda1.f:929:72:

  929 |  290    Y(I) = SAVF(I) - ACOR(I)
      |                                                                        1
Warning: Fortran 2018 deleted feature: DO termination statement which is not END DO or CONTINUE with label 290 at (1)
opkda1.f:933:72:

  933 |  300    ACOR(I) = SAVF(I)
      |                                                                        1
Warning: Fortran 2018 deleted feature: DO termination statement which is not END DO or CONTINUE with label 300 at (1)
opkda1.f:941:72:

  941 |  360    Y(I) = H*SAVF(I) - (YH(I,2) + ACOR(I))
      |                                                                        1
Warning: Fortran 2018 deleted feature: DO termination statement which is not END DO or CONTINUE with label 360 at (1)
opkda1.f:948:72:

  948 |  380    Y(I) = YH(I,1) + EL(1)*ACOR(I)
      |                                                                        1
Warning: Fortran 2018 deleted feature: DO termination statement which is not END DO or CONTINUE with label 380 at (1)
opkda1.f:983:72:

  983 |  440      YH1(I) = YH1(I) - YH1(I+NYH)
      |                                                                        1
Warning: Fortran 2018 deleted feature: DO termination statement which is not END DO or CONTINUE with label 440 at (1)
opkda1.f:1018:72:

 1018 |         DO 470 I = 1,N
      |                                                                        1
Warning: Fortran 2018 deleted feature: Shared DO termination label 470 at (1)
opkda1.f:1019:72:

 1019 |  470      YH(I,J) = YH(I,J) + EL(J)*ACOR(I)
      |                                                                        1
Warning: Fortran 2018 deleted feature: DO termination statement which is not END DO or CONTINUE with label 470 at (1)
opkda1.f:1025:72:

 1025 |  490    YH(I,LMAX) = ACOR(I)
      |                                                                        1
Warning: Fortran 2018 deleted feature: DO termination statement which is not END DO or CONTINUE with label 490 at (1)
opkda1.f:1041:72:

 1041 |  510      YH1(I) = YH1(I) - YH1(I+NYH)
      |                                                                        1
Warning: Fortran 2018 deleted feature: DO termination statement which is not END DO or CONTINUE with label 510 at (1)
opkda1.f:1061:72:

 1061 |  530    SAVF(I) = ACOR(I) - YH(I,LMAX)
      |                                                                        1
Warning: Fortran 2018 deleted feature: DO termination statement which is not END DO or CONTINUE with label 530 at (1)
opkda1.f:1088:72:

 1088 |  600    YH(I,NEWQ+1) = ACOR(I)*R
      |                                                                        1
Warning: Fortran 2018 deleted feature: DO termination statement which is not END DO or CONTINUE with label 600 at (1)
opkda1.f:1118:72:

 1118 |  645    Y(I) = YH(I,1)
      |                                                                        1
Warning: Fortran 2018 deleted feature: DO termination statement which is not END DO or CONTINUE with label 645 at (1)
opkda1.f:1122:72:

 1122 |  650    YH(I,2) = H*SAVF(I)
      |                                                                        1
Warning: Fortran 2018 deleted feature: DO termination statement which is not END DO or CONTINUE with label 650 at (1)
opkda1.f:1143:72:

 1143 |  710    ACOR(I) = ACOR(I)*R
      |                                                                        1
Warning: Fortran 2018 deleted feature: DO termination statement which is not END DO or CONTINUE with label 710 at (1)
opkda1.f:1181:72:

 1181 |  15     EWT(I) = RTOL(1)*ABS(YCUR(I)) + ATOL(1)
      |                                                                        1
Warning: Fortran 2018 deleted feature: DO termination statement which is not END DO or CONTINUE with label 15 at (1)
opkda1.f:1185:72:

 1185 |  25     EWT(I) = RTOL(1)*ABS(YCUR(I)) + ATOL(I)
      |                                                                        1
Warning: Fortran 2018 deleted feature: DO termination statement which is not END DO or CONTINUE with label 25 at (1)
opkda1.f:1189:72:

 1189 |  35     EWT(I) = RTOL(I)*ABS(YCUR(I)) + ATOL(1)
      |                                                                        1
Warning: Fortran 2018 deleted feature: DO termination statement which is not END DO or CONTINUE with label 35 at (1)
opkda1.f:1193:72:

 1193 |  45     EWT(I) = RTOL(I)*ABS(YCUR(I)) + ATOL(I)
      |                                                                        1
Warning: Fortran 2018 deleted feature: DO termination statement which is not END DO or CONTINUE with label 45 at (1)
opkda1.f:1228:72:

 1228 |  10     SUM = SUM + (V(I)*W(I))**2
      |                                                                        1
Warning: Fortran 2018 deleted feature: DO termination statement which is not END DO or CONTINUE with label 10 at (1)
opkda1.f:1288:72:

 1288 |  10     RWORK(I) = RWORK(I+LYHD)
      |                                                                        1
Warning: Fortran 2018 deleted feature: DO termination statement which is not END DO or CONTINUE with label 10 at (1)
opkda1.f:1298:72:

 1298 |  30     RWORK(I+LEWTN-1) = RWORK(I+LEWT-1)
      |                                                                        1
Warning: Fortran 2018 deleted feature: DO termination statement which is not END DO or CONTINUE with label 30 at (1)
opkda1.f:1390:72:

 1390 |  25       Y(I) = YH(I)
      |                                                                        1
Warning: Fortran 2018 deleted feature: DO termination statement which is not END DO or CONTINUE with label 25 at (1)
opkda1.f:1430:72:

 1430 |  75       SAVF(I) = 0.0D0
      |                                                                        1
Warning: Fortran 2018 deleted feature: DO termination statement which is not END DO or CONTINUE with label 75 at (1)
opkda1.f:1472:72:

 1472 |  145    Y(I) = YH(I)
      |                                                                        1
Warning: Fortran 2018 deleted feature: DO termination statement which is not END DO or CONTINUE with label 145 at (1)
opkda1.f:1502:72:

 1502 |  170    IWK(IBR+I) = I
      |                                                                        1
Warning: Fortran 2018 deleted feature: DO termination statement which is not END DO or CONTINUE with label 170 at (1)
opkda1.f:1517:72:

 1517 |  180    WK(IBA+I) = 0.0D0
      |                                                                        1
Warning: Fortran 2018 deleted feature: DO termination statement which is not END DO or CONTINUE with label 180 at (1)
opkda1.f:1592:72:

 1592 |  10     JDONE(J) = 0
      |                                                                        1
Warning: Fortran 2018 deleted feature: DO termination statement which is not END DO or CONTINUE with label 10 at (1)
opkda1.f:1597:72:

 1597 |  20       INCL(I) = 0
      |                                                                        1
Warning: Fortran 2018 deleted feature: DO termination statement which is not END DO or CONTINUE with label 20 at (1)
opkda1.f:1614:72:

 1614 |  40         INCL(I) = 1
      |                                                                        1
Warning: Fortran 2018 deleted feature: DO termination statement which is not END DO or CONTINUE with label 40 at (1)
opkda1.f:1672:72:

 1672 |           IF (JA(J) - II) 10, 40, 30
      |                                                                        1
Warning: Fortran 2018 deleted feature: Arithmetic IF statement at (1)
opkda1.f:1787:72:

 1787 |  110      FTEM(I) = 0.0D0
      |                                                                        1
Warning: Fortran 2018 deleted feature: DO termination statement which is not END DO or CONTINUE with label 110 at (1)
opkda1.f:1810:72:

 1810 |  210      Y(JJ) = Y(JJ) + R
      |                                                                        1
Warning: Fortran 2018 deleted feature: DO termination statement which is not END DO or CONTINUE with label 210 at (1)
opkda1.f:1861:72:

 1861 |  295    FTEM(I) = 0.0D0
      |                                                                        1
Warning: Fortran 2018 deleted feature: DO termination statement which is not END DO or CONTINUE with label 295 at (1)
opkda1.f:1879:72:

 1879 |  310    Y(I) = Y(I) + R*(H*SAVF(I) - YH(I,2))
      |                                                                        1
Warning: Fortran 2018 deleted feature: DO termination statement which is not END DO or CONTINUE with label 310 at (1)
opkda1.f:1966:72:

 1966 |  320    WK(I+2) = 1.0D0/DI
      |                                                                        1
Warning: Fortran 2018 deleted feature: DO termination statement which is not END DO or CONTINUE with label 320 at (1)
opkda1.f:1968:72:

 1968 |  340    X(I) = WK(I+2)*X(I)
      |                                                                        1
Warning: Fortran 2018 deleted feature: DO termination statement which is not END DO or CONTINUE with label 340 at (1)
opkda1.f:2001:72:

 2001 |  10     RSAV(I) = RLS(I)
      |                                                                        1
Warning: Fortran 2018 deleted feature: DO termination statement which is not END DO or CONTINUE with label 10 at (1)
opkda1.f:2003:72:

 2003 |  15     RSAV(LENRLS+I) = RLSS(I)
      |                                                                        1
Warning: Fortran 2018 deleted feature: DO termination statement which is not END DO or CONTINUE with label 15 at (1)
opkda1.f:2006:72:

 2006 |  20     ISAV(I) = ILS(I)
      |                                                                        1
Warning: Fortran 2018 deleted feature: DO termination statement which is not END DO or CONTINUE with label 20 at (1)
opkda1.f:2008:72:

 2008 |  25     ISAV(LENILS+I) = ILSS(I)
      |                                                                        1
Warning: Fortran 2018 deleted feature: DO termination statement which is not END DO or CONTINUE with label 25 at (1)
opkda1.f:2014:72:

 2014 |  110     RLS(I) = RSAV(I)
      |                                                                        1
Warning: Fortran 2018 deleted feature: DO termination statement which is not END DO or CONTINUE with label 110 at (1)
opkda1.f:2016:72:

 2016 |  115     RLSS(I) = RSAV(LENRLS+I)
      |                                                                        1
Warning: Fortran 2018 deleted feature: DO termination statement which is not END DO or CONTINUE with label 115 at (1)
opkda1.f:2019:72:

 2019 |  120     ILS(I) = ISAV(I)
      |                                                                        1
Warning: Fortran 2018 deleted feature: DO termination statement which is not END DO or CONTINUE with label 120 at (1)
opkda1.f:2021:72:

 2021 |  125     ILSS(I) = ISAV(LENILS+I)
      |                                                                        1
Warning: Fortran 2018 deleted feature: DO termination statement which is not END DO or CONTINUE with label 125 at (1)
opkda1.f:2339:72:

 2339 |    5    last(next(k)) = k
      |                                                                        1
Warning: Fortran 2018 deleted feature: DO termination statement which is not END DO or CONTINUE with label 5 at (1)
opkda1.f:2355:72:

 2355 |    1    head(vi) = 0
      |                                                                        1
Warning: Fortran 2018 deleted feature: DO termination statement which is not END DO or CONTINUE with label 1 at (1)
opkda1.f:2366:72:

 2366 |           if (vj-vi) 2, 5, 4
      |                                                                        1
Warning: Fortran 2018 deleted feature: Arithmetic IF statement at (1)
opkda1.f:2404:72:

 2404 |    7    mark(vi) = tag
      |                                                                        1
Warning: Fortran 2018 deleted feature: DO termination statement which is not END DO or CONTINUE with label 7 at (1)
opkda1.f:2576:72:

 2576 |         if (last(vi))  1, 10, 8
      |                                                                        1
Warning: Fortran 2018 deleted feature: Arithmetic IF statement at (1)
opkda1.f:2682:72:

 2682 |   1     q(i) = 0
      |                                                                        1
Warning: Fortran 2018 deleted feature: DO termination statement which is not END DO or CONTINUE with label 1 at (1)
opkda1.f:2698:72:

 2698 |   2       q(k) = q(k) + 1
      |                                                                        1
Warning: Fortran 2018 deleted feature: DO termination statement which is not END DO or CONTINUE with label 2 at (1)
opkda1.f:2706:72:

 2706 |   4     q(i) = ia(i+1)
      |                                                                        1
Warning: Fortran 2018 deleted feature: DO termination statement which is not END DO or CONTINUE with label 4 at (1)
opkda1.f:2727:72:

 2727 |   6     j = j-1
      |                                                                        1
Warning: Fortran 2018 deleted feature: DO termination statement which is not END DO or CONTINUE with label 6 at (1)
opkda1.f:2969:72:

 2969 |    4      isp(ju+j-1) = isp(jutmp+j-1)
      |                                                                        1
Warning: Fortran 2018 deleted feature: DO termination statement which is not END DO or CONTINUE with label 4 at (1)
opkda2.f:630:72:

  630 |       IF (INCX .EQ. INCY) IF (INCX-1) 5,20,60
      |                                                                        1
Warning: Fortran 2018 deleted feature: Arithmetic IF statement at (1)
opkda2.f:719:72:

  719 |       IF (INCX .EQ. INCY) IF (INCX-1) 5,20,60
      |                                                                        1
Warning: Fortran 2018 deleted feature: Arithmetic IF statement at (1)
opkda1.f:3240:72:

 3240 |    4      a(j) = ar(i)
      |                                                                        1
Warning: Fortran 2018 deleted feature: DO termination statement which is not END DO or CONTINUE with label 4 at (1)
opkda2.f:812:72:

  812 |       IF (INCX .EQ. INCY) IF (INCX-1) 5,20,60
      |                                                                        1
Warning: Fortran 2018 deleted feature: Arithmetic IF statement at (1)
opkda1.f:3321:72:

 3321 |    1    jru(k) = 0
      |                                                                        1
Warning: Fortran 2018 deleted feature: DO termination statement which is not END DO or CONTINUE with label 1 at (1)
opkda1.f:3331:72:

 3331 |    2    ira(k) = iak
      |                                                                        1
Warning: Fortran 2018 deleted feature: DO termination statement which is not END DO or CONTINUE with label 2 at (1)
opkda2.f:1005:72:

 1005 |    95    SUM = SUM + DX(J)**2
      |                                                                        1
Warning: Fortran 2018 deleted feature: DO termination statement which is not END DO or CONTINUE with label 95 at (1)
opkda1.f:3398:72:

 3398 |           if (jl(j) - qm)  12, 13, 15
      |                                                                        1
Warning: Fortran 2018 deleted feature: Arithmetic IF statement at (1)
opkda1.f:3417:72:

 3417 |   16        jl(j) = qm
      |                                                                        1
Warning: Fortran 2018 deleted feature: DO termination statement which is not END DO or CONTINUE with label 16 at (1)
opkda1.f:3500:72:

 3500 |           if (ju(j) - qm)  29, 30, 32
      |                                                                        1
Warning: Fortran 2018 deleted feature: Arithmetic IF statement at (1)
opkda1.f:3519:72:

 3519 |   33        ju(j) = qm
      |                                                                        1
Warning: Fortran 2018 deleted feature: DO termination statement which is not END DO or CONTINUE with label 33 at (1)
opkda1.f:3643:72:

 3643 |    4      row(ju(j)) = 0
      |                                                                        1
Warning: Fortran 2018 deleted feature: DO termination statement which is not END DO or CONTINUE with label 4 at (1)
opkda1.f:3665:72:

 3665 |    8        row(ju(mu+j)) = row(ju(mu+j)) + lki * u(j)
      |                                                                        1
Warning: Fortran 2018 deleted feature: DO termination statement which is not END DO or CONTINUE with label 8 at (1)
opkda1.f:3680:72:

 3680 |   11      u(j) = row(ju(mu+j)) * dk
      |                                                                        1
Warning: Fortran 2018 deleted feature: DO termination statement which is not END DO or CONTINUE with label 11 at (1)
opkda1.f:3713:72:

 3713 |   20      sum = sum - u(j) * tmp(ju(mu+j))
      |                                                                        1
Warning: Fortran 2018 deleted feature: DO termination statement which is not END DO or CONTINUE with label 20 at (1)
opkda1.f:3716:72:

 3716 |   22    k = k-1
      |                                                                        1
Warning: Fortran 2018 deleted feature: DO termination statement which is not END DO or CONTINUE with label 22 at (1)
opkda1.f:3754:72:

 3754 |    1    tmp(k) = b(r(k))
      |                                                                        1
Warning: Fortran 2018 deleted feature: DO termination statement which is not END DO or CONTINUE with label 1 at (1)
opkda1.f:3764:72:

 3764 |    2      tmp(jl(ml+j)) = tmp(jl(ml+j)) + tmpk * l(j)
      |                                                                        1
Warning: Fortran 2018 deleted feature: DO termination statement which is not END DO or CONTINUE with label 2 at (1)
opkda1.f:3775:72:

 3775 |    4      sum = sum + u(j) * tmp(ju(mu+j))
      |                                                                        1
Warning: Fortran 2018 deleted feature: DO termination statement which is not END DO or CONTINUE with label 4 at (1)
opkda1.f:3807:72:

 3807 |    1    tmp(k) = b(c(k))
      |                                                                        1
Warning: Fortran 2018 deleted feature: DO termination statement which is not END DO or CONTINUE with label 1 at (1)
opkda1.f:3816:72:

 3816 |    2      tmp(ju(mu+j)) = tmp(ju(mu+j)) + tmpk * u(j)
      |                                                                        1
Warning: Fortran 2018 deleted feature: DO termination statement which is not END DO or CONTINUE with label 2 at (1)
opkda1.f:3827:72:

 3827 |    4      sum = sum + l(j) * tmp(jl(ml+j))
      |                                                                        1
Warning: Fortran 2018 deleted feature: DO termination statement which is not END DO or CONTINUE with label 4 at (1)
opkda1.f:3990:72:

 3990 |  10     CM2(I) = TESCO(2,I)*ELCO(I+1,I)
      |                                                                        1
Warning: Fortran 2018 deleted feature: DO termination statement which is not END DO or CONTINUE with label 10 at (1)
opkda1.f:3993:72:

 3993 |  20     CM1(I) = TESCO(2,I)*ELCO(I+1,I)
      |                                                                        1
Warning: Fortran 2018 deleted feature: DO termination statement which is not END DO or CONTINUE with label 20 at (1)
opkda1.f:4018:72:

 4018 |  155    EL(I) = ELCO(I,NQ)
      |                                                                        1
Warning: Fortran 2018 deleted feature: DO termination statement which is not END DO or CONTINUE with label 155 at (1)
opkda1.f:4054:72:

 4054 |         DO 180 I = 1,N
      |                                                                        1
Warning: Fortran 2018 deleted feature: Shared DO termination label 180 at (1)
opkda1.f:4055:72:

 4055 |  180      YH(I,J) = YH(I,J)*R
      |                                                                        1
Warning: Fortran 2018 deleted feature: DO termination statement which is not END DO or CONTINUE with label 180 at (1)
opkda1.f:4076:72:

 4076 |  210      YH1(I) = YH1(I) + YH1(I+NYH)
      |                                                                        1
Warning: Fortran 2018 deleted feature: DO termination statement which is not END DO or CONTINUE with label 210 at (1)
opkda1.f:4089:72:

 4089 |  230    Y(I) = YH(I,1)
      |                                                                        1
Warning: Fortran 2018 deleted feature: DO termination statement which is not END DO or CONTINUE with label 230 at (1)
opkda1.f:4105:72:

 4105 |  260    ACOR(I) = 0.0D0
      |                                                                        1
Warning: Fortran 2018 deleted feature: DO termination statement which is not END DO or CONTINUE with label 260 at (1)
opkda1.f:4113:72:

 4113 |  290    Y(I) = SAVF(I) - ACOR(I)
      |                                                                        1
Warning: Fortran 2018 deleted feature: DO termination statement which is not END DO or CONTINUE with label 290 at (1)
opkda1.f:4117:72:

 4117 |  300    ACOR(I) = SAVF(I)
      |                                                                        1
Warning: Fortran 2018 deleted feature: DO termination statement which is not END DO or CONTINUE with label 300 at (1)
opkda1.f:4125:72:

 4125 |  360    Y(I) = H*SAVF(I) - (YH(I,2) + ACOR(I))
      |                                                                        1
Warning: Fortran 2018 deleted feature: DO termination statement which is not END DO or CONTINUE with label 360 at (1)
opkda1.f:4132:72:

 4132 |  380    Y(I) = YH(I,1) + EL(1)*ACOR(I)
      |                                                                        1
Warning: Fortran 2018 deleted feature: DO termination statement which is not END DO or CONTINUE with label 380 at (1)
opkda1.f:4186:72:

 4186 |  440      YH1(I) = YH1(I) - YH1(I+NYH)
      |                                                                        1
Warning: Fortran 2018 deleted feature: DO termination statement which is not END DO or CONTINUE with label 440 at (1)
opkda1.f:4225:72:

 4225 |         DO 460 I = 1,N
      |                                                                        1
Warning: Fortran 2018 deleted feature: Shared DO termination label 460 at (1)
opkda1.f:4226:72:

 4226 |  460      YH(I,J) = YH(I,J) + EL(J)*ACOR(I)
      |                                                                        1
Warning: Fortran 2018 deleted feature: DO termination statement which is not END DO or CONTINUE with label 460 at (1)
opkda1.f:4334:72:

 4334 |  490    YH(I,LMAX) = ACOR(I)
      |                                                                        1
Warning: Fortran 2018 deleted feature: DO termination statement which is not END DO or CONTINUE with label 490 at (1)
opkda1.f:4350:72:

 4350 |  510      YH1(I) = YH1(I) - YH1(I+NYH)
      |                                                                        1
Warning: Fortran 2018 deleted feature: DO termination statement which is not END DO or CONTINUE with label 510 at (1)
opkda1.f:4370:72:

 4370 |  530    SAVF(I) = ACOR(I) - YH(I,LMAX)
      |                                                                        1
Warning: Fortran 2018 deleted feature: DO termination statement which is not END DO or CONTINUE with label 530 at (1)
opkda1.f:4404:72:

 4404 |  600    YH(I,NEWQ+1) = ACOR(I)*R
      |                                                                        1
Warning: Fortran 2018 deleted feature: DO termination statement which is not END DO or CONTINUE with label 600 at (1)
opkda1.f:4437:72:

 4437 |  645    Y(I) = YH(I,1)
      |                                                                        1
Warning: Fortran 2018 deleted feature: DO termination statement which is not END DO or CONTINUE with label 645 at (1)
opkda1.f:4441:72:

 4441 |  650    YH(I,2) = H*SAVF(I)
      |                                                                        1
Warning: Fortran 2018 deleted feature: DO termination statement which is not END DO or CONTINUE with label 650 at (1)
opkda1.f:4462:72:

 4462 |  710    ACOR(I) = ACOR(I)*R
      |                                                                        1
Warning: Fortran 2018 deleted feature: DO termination statement which is not END DO or CONTINUE with label 710 at (1)
opkda1.f:4539:72:

 4539 |  110    WM(I+2) = 0.0D0
      |                                                                        1
Warning: Fortran 2018 deleted feature: DO termination statement which is not END DO or CONTINUE with label 110 at (1)
opkda1.f:4543:72:

 4543 |  120    WM(I+2) = WM(I+2)*CON
      |                                                                        1
Warning: Fortran 2018 deleted feature: DO termination statement which is not END DO or CONTINUE with label 120 at (1)
opkda1.f:4560:72:

 4560 |  220      WM(I+J1) = (FTEM(I) - SAVF(I))*FAC
      |                                                                        1
Warning: Fortran 2018 deleted feature: DO termination statement which is not END DO or CONTINUE with label 220 at (1)
opkda1.f:4575:72:

 4575 |  250    J = J + NP1
      |                                                                        1
Warning: Fortran 2018 deleted feature: DO termination statement which is not END DO or CONTINUE with label 250 at (1)
opkda1.f:4593:72:

 4593 |  410    WM(I+2) = 0.0D0
      |                                                                        1
Warning: Fortran 2018 deleted feature: DO termination statement which is not END DO or CONTINUE with label 410 at (1)
opkda1.f:4597:72:

 4597 |  420    WM(I+2) = WM(I+2)*CON
      |                                                                        1
Warning: Fortran 2018 deleted feature: DO termination statement which is not END DO or CONTINUE with label 420 at (1)
opkda1.f:4616:72:

 4616 |  530      Y(I) = Y(I) + R
      |                                                                        1
Warning: Fortran 2018 deleted feature: DO termination statement which is not END DO or CONTINUE with label 530 at (1)
opkda1.f:4627:72:

 4627 |  540        WM(II+I) = (FTEM(I) - SAVF(I))*FAC
      |                                                                        1
Warning: Fortran 2018 deleted feature: DO termination statement which is not END DO or CONTINUE with label 540 at (1)
opkda1.f:4639:72:

 4639 |  580    II = II + MEBAND
      |                                                                        1
Warning: Fortran 2018 deleted feature: DO termination statement which is not END DO or CONTINUE with label 580 at (1)
opkda1.f:4659:72:

 4659 |  10     VM = MAX(VM,ABS(V(I))*W(I))
      |                                                                        1
Warning: Fortran 2018 deleted feature: DO termination statement which is not END DO or CONTINUE with label 10 at (1)
opkda1.f:4679:72:

 4679 |  10       SUM = SUM + ABS(A(I,J))/W(J)
      |                                                                        1
Warning: Fortran 2018 deleted feature: DO termination statement which is not END DO or CONTINUE with label 10 at (1)
opkda1.f:4709:72:

 4709 |  10       SUM = SUM + ABS(A(I1-J,J))/W(J)
      |                                                                        1
Warning: Fortran 2018 deleted feature: DO termination statement which is not END DO or CONTINUE with label 10 at (1)
opkda1.f:4743:72:

 4743 |  10     RSAV(I) = RLS(I)
      |                                                                        1
Warning: Fortran 2018 deleted feature: DO termination statement which is not END DO or CONTINUE with label 10 at (1)
opkda1.f:4745:72:

 4745 |  15     RSAV(LENRLS+I) = RLSA(I)
      |                                                                        1
Warning: Fortran 2018 deleted feature: DO termination statement which is not END DO or CONTINUE with label 15 at (1)
opkda1.f:4748:72:

 4748 |  20     ISAV(I) = ILS(I)
      |                                                                        1
Warning: Fortran 2018 deleted feature: DO termination statement which is not END DO or CONTINUE with label 20 at (1)
opkda1.f:4750:72:

 4750 |  25     ISAV(LENILS+I) = ILSA(I)
      |                                                                        1
Warning: Fortran 2018 deleted feature: DO termination statement which is not END DO or CONTINUE with label 25 at (1)
opkda1.f:4756:72:

 4756 |  110     RLS(I) = RSAV(I)
      |                                                                        1
Warning: Fortran 2018 deleted feature: DO termination statement which is not END DO or CONTINUE with label 110 at (1)
opkda1.f:4758:72:

 4758 |  115     RLSA(I) = RSAV(LENRLS+I)
      |                                                                        1
Warning: Fortran 2018 deleted feature: DO termination statement which is not END DO or CONTINUE with label 115 at (1)
opkda1.f:4761:72:

 4761 |  120     ILS(I) = ISAV(I)
      |                                                                        1
Warning: Fortran 2018 deleted feature: DO termination statement which is not END DO or CONTINUE with label 120 at (1)
opkda1.f:4763:72:

 4763 |  125     ILSA(I) = ISAV(LENILS+I)
      |                                                                        1
Warning: Fortran 2018 deleted feature: DO termination statement which is not END DO or CONTINUE with label 125 at (1)
opkda1.f:4830:72:

 4830 |  10     JROOT(I) = 0
      |                                                                        1
Warning: Fortran 2018 deleted feature: DO termination statement which is not END DO or CONTINUE with label 10 at (1)
opkda1.f:4842:72:

 4842 |  110    IF (ABS(G0(I)) .LE. 0.0D0) ZROOT = .TRUE.
      |                                                                        1
Warning: Fortran 2018 deleted feature: DO termination statement which is not END DO or CONTINUE with label 110 at (1)
opkda1.f:4849:72:

 4849 |  120    Y(I) = Y(I) + TEMP2*YH(I,2)
      |                                                                        1
Warning: Fortran 2018 deleted feature: DO termination statement which is not END DO or CONTINUE with label 120 at (1)
opkda1.f:4854:72:

 4854 |  130    IF (ABS(G0(I)) .LE. 0.0D0) ZROOT = .TRUE.
      |                                                                        1
Warning: Fortran 2018 deleted feature: DO termination statement which is not END DO or CONTINUE with label 130 at (1)
opkda1.f:4872:72:

 4872 |  210    IF (ABS(G0(I)) .LE. 0.0D0) ZROOT = .TRUE.
      |                                                                        1
Warning: Fortran 2018 deleted feature: DO termination statement which is not END DO or CONTINUE with label 210 at (1)
opkda1.f:4880:72:

 4880 |  220    Y(I) = Y(I) + TEMP2*YH(I,2)
      |                                                                        1
Warning: Fortran 2018 deleted feature: DO termination statement which is not END DO or CONTINUE with label 220 at (1)
opkda1.f:4908:72:

 4908 |  320    Y(I) = YH(I,1)
      |                                                                        1
Warning: Fortran 2018 deleted feature: DO termination statement which is not END DO or CONTINUE with label 320 at (1)
opkda1.f:5181:72:

 5181 |  10     RSAV(I) = RLS(I)
      |                                                                        1
Warning: Fortran 2018 deleted feature: DO termination statement which is not END DO or CONTINUE with label 10 at (1)
opkda1.f:5183:72:

 5183 |  15     RSAV(LENRLS+I) = RLSA(I)
      |                                                                        1
Warning: Fortran 2018 deleted feature: DO termination statement which is not END DO or CONTINUE with label 15 at (1)
opkda1.f:5186:72:

 5186 |  20     RSAV(IOFF+I) = RLSR(I)
      |                                                                        1
Warning: Fortran 2018 deleted feature: DO termination statement which is not END DO or CONTINUE with label 20 at (1)
opkda1.f:5189:72:

 5189 |  30     ISAV(I) = ILS(I)
      |                                                                        1
Warning: Fortran 2018 deleted feature: DO termination statement which is not END DO or CONTINUE with label 30 at (1)
opkda1.f:5191:72:

 5191 |  35     ISAV(LENILS+I) = ILSA(I)
      |                                                                        1
Warning: Fortran 2018 deleted feature: DO termination statement which is not END DO or CONTINUE with label 35 at (1)
opkda1.f:5194:72:

 5194 |  40     ISAV(IOFF+I) = ILSR(I)
      |                                                                        1
Warning: Fortran 2018 deleted feature: DO termination statement which is not END DO or CONTINUE with label 40 at (1)
opkda1.f:5200:72:

 5200 |  110     RLS(I) = RSAV(I)
      |                                                                        1
Warning: Fortran 2018 deleted feature: DO termination statement which is not END DO or CONTINUE with label 110 at (1)
opkda1.f:5202:72:

 5202 |  115     RLSA(I) = RSAV(LENRLS+I)
      |                                                                        1
Warning: Fortran 2018 deleted feature: DO termination statement which is not END DO or CONTINUE with label 115 at (1)
opkda1.f:5205:72:

 5205 |  120     RLSR(I) = RSAV(IOFF+I)
      |                                                                        1
Warning: Fortran 2018 deleted feature: DO termination statement which is not END DO or CONTINUE with label 120 at (1)
opkda1.f:5208:72:

 5208 |  130     ILS(I) = ISAV(I)
      |                                                                        1
Warning: Fortran 2018 deleted feature: DO termination statement which is not END DO or CONTINUE with label 130 at (1)
opkda1.f:5210:72:

 5210 |  135     ILSA(I) = ISAV(LENILS+I)
      |                                                                        1
Warning: Fortran 2018 deleted feature: DO termination statement which is not END DO or CONTINUE with label 135 at (1)
opkda1.f:5213:72:

 5213 |  140     ILSR(I) = ISAV(IOFF+I)
      |                                                                        1
Warning: Fortran 2018 deleted feature: DO termination statement which is not END DO or CONTINUE with label 140 at (1)
opkda1.f:5395:72:

 5395 |  125    EL(I) = ELCO(I,NQ)
      |                                                                        1
Warning: Fortran 2018 deleted feature: DO termination statement which is not END DO or CONTINUE with label 125 at (1)
opkda1.f:5417:72:

 5417 |  155    EL(I) = ELCO(I,NQ)
      |                                                                        1
Warning: Fortran 2018 deleted feature: DO termination statement which is not END DO or CONTINUE with label 155 at (1)
opkda1.f:5442:72:

 5442 |         DO 180 I = 1,N
      |                                                                        1
Warning: Fortran 2018 deleted feature: Shared DO termination label 180 at (1)
opkda1.f:5443:72:

 5443 |  180      YH(I,J) = YH(I,J)*R
      |                                                                        1
Warning: Fortran 2018 deleted feature: DO termination statement which is not END DO or CONTINUE with label 180 at (1)
opkda1.f:5469:72:

 5469 |  210      YH1(I) = YH1(I) + YH1(I+NYH)
      |                                                                        1
Warning: Fortran 2018 deleted feature: DO termination statement which is not END DO or CONTINUE with label 210 at (1)
opkda1.f:5480:72:

 5480 |  230    Y(I) = YH(I,1)
      |                                                                        1
Warning: Fortran 2018 deleted feature: DO termination statement which is not END DO or CONTINUE with label 230 at (1)
opkda1.f:5496:72:

 5496 |  260    ACOR(I) = 0.0D0
      |                                                                        1
Warning: Fortran 2018 deleted feature: DO termination statement which is not END DO or CONTINUE with label 260 at (1)
opkda1.f:5504:72:

 5504 |  290    Y(I) = SAVF(I) - ACOR(I)
      |                                                                        1
Warning: Fortran 2018 deleted feature: DO termination statement which is not END DO or CONTINUE with label 290 at (1)
opkda1.f:5508:72:

 5508 |  300    ACOR(I) = SAVF(I)
      |                                                                        1
Warning: Fortran 2018 deleted feature: DO termination statement which is not END DO or CONTINUE with label 300 at (1)
opkda1.f:5516:72:

 5516 |  360    SAVX(I) = H*SAVF(I) - (YH(I,2) + ACOR(I))
      |                                                                        1
Warning: Fortran 2018 deleted feature: DO termination statement which is not END DO or CONTINUE with label 360 at (1)
opkda1.f:5523:72:

 5523 |  380    Y(I) = YH(I,1) + EL(1)*ACOR(I)
      |                                                                        1
Warning: Fortran 2018 deleted feature: DO termination statement which is not END DO or CONTINUE with label 380 at (1)
opkda1.f:5560:72:

 5560 |  440      YH1(I) = YH1(I) - YH1(I+NYH)
      |                                                                        1
Warning: Fortran 2018 deleted feature: DO termination statement which is not END DO or CONTINUE with label 440 at (1)
opkda1.f:5595:72:

 5595 |         DO 470 I = 1,N
      |                                                                        1
Warning: Fortran 2018 deleted feature: Shared DO termination label 470 at (1)
opkda1.f:5596:72:

 5596 |  470      YH(I,J) = YH(I,J) + EL(J)*ACOR(I)
      |                                                                        1
Warning: Fortran 2018 deleted feature: DO termination statement which is not END DO or CONTINUE with label 470 at (1)
opkda1.f:5602:72:

 5602 |  490    YH(I,LMAX) = ACOR(I)
      |                                                                        1
Warning: Fortran 2018 deleted feature: DO termination statement which is not END DO or CONTINUE with label 490 at (1)
opkda1.f:5618:72:

 5618 |  510      YH1(I) = YH1(I) - YH1(I+NYH)
      |                                                                        1
Warning: Fortran 2018 deleted feature: DO termination statement which is not END DO or CONTINUE with label 510 at (1)
opkda1.f:5638:72:

 5638 |  530    SAVF(I) = ACOR(I) - YH(I,LMAX)
      |                                                                        1
Warning: Fortran 2018 deleted feature: DO termination statement which is not END DO or CONTINUE with label 530 at (1)
opkda1.f:5665:72:

 5665 |  600    YH(I,NEWQ+1) = ACOR(I)*R
      |                                                                        1
Warning: Fortran 2018 deleted feature: DO termination statement which is not END DO or CONTINUE with label 600 at (1)
opkda1.f:5695:72:

 5695 |  645    Y(I) = YH(I,1)
      |                                                                        1
Warning: Fortran 2018 deleted feature: DO termination statement which is not END DO or CONTINUE with label 645 at (1)
opkda1.f:5699:72:

 5699 |  650    YH(I,2) = H*SAVF(I)
      |                                                                        1
Warning: Fortran 2018 deleted feature: DO termination statement which is not END DO or CONTINUE with label 650 at (1)
opkda1.f:5720:72:

 5720 |  710    ACOR(I) = ACOR(I)*R
      |                                                                        1
Warning: Fortran 2018 deleted feature: DO termination statement which is not END DO or CONTINUE with label 710 at (1)
opkda1.f:6048:72:

 6048 |  10     V(I,1) = B(I)*WGHT(I)
      |                                                                        1
Warning: Fortran 2018 deleted feature: DO termination statement which is not END DO or CONTINUE with label 10 at (1)
opkda1.f:6056:72:

 6056 |  25     X(I) = 0.0D0
      |                                                                        1
Warning: Fortran 2018 deleted feature: DO termination statement which is not END DO or CONTINUE with label 25 at (1)
opkda1.f:6067:72:

 6067 |  50     V(I,1) = B(I)*WGHT(I)
      |                                                                        1
Warning: Fortran 2018 deleted feature: DO termination statement which is not END DO or CONTINUE with label 50 at (1)
opkda1.f:6075:72:

 6075 |  60       HES(I,J) = 0.0D0
      |                                                                        1
Warning: Fortran 2018 deleted feature: DO termination statement which is not END DO or CONTINUE with label 60 at (1)
opkda1.f:6141:72:

 6141 |  210    B(K) = 0.0D0
      |                                                                        1
Warning: Fortran 2018 deleted feature: DO termination statement which is not END DO or CONTINUE with label 210 at (1)
opkda1.f:6145:72:

 6145 |  220    X(K) = 0.0D0
      |                                                                        1
Warning: Fortran 2018 deleted feature: DO termination statement which is not END DO or CONTINUE with label 220 at (1)
opkda1.f:6150:72:

 6150 |  240    X(I) = X(I)/WGHT(I)
      |                                                                        1
Warning: Fortran 2018 deleted feature: DO termination statement which is not END DO or CONTINUE with label 240 at (1)
opkda1.f:6240:72:

 6240 |  10     VTEM(I) = V(I)/WGHT(I)
      |                                                                        1
Warning: Fortran 2018 deleted feature: DO termination statement which is not END DO or CONTINUE with label 10 at (1)
opkda1.f:6247:72:

 6247 |  20     Y(I) = Z(I) + VTEM(I)
      |                                                                        1
Warning: Fortran 2018 deleted feature: DO termination statement which is not END DO or CONTINUE with label 20 at (1)
opkda1.f:6258:72:

 6258 |  40     Z(I) = VTEM(I)*WGHT(I)
      |                                                                        1
Warning: Fortran 2018 deleted feature: DO termination statement which is not END DO or CONTINUE with label 40 at (1)
opkda1.f:6264:72:

 6264 |  50     Y(I) = Z(I) + VTEM(I)*RNORM
      |                                                                        1
Warning: Fortran 2018 deleted feature: DO termination statement which is not END DO or CONTINUE with label 50 at (1)
opkda1.f:6274:72:

 6274 |  70     Z(I) = FTEM(I) - SAVF(I)
      |                                                                        1
Warning: Fortran 2018 deleted feature: DO termination statement which is not END DO or CONTINUE with label 70 at (1)
opkda1.f:6276:72:

 6276 |  80     Z(I) = VTEM(I) - FAC*Z(I)
      |                                                                        1
Warning: Fortran 2018 deleted feature: DO termination statement which is not END DO or CONTINUE with label 80 at (1)
opkda1.f:6285:72:

 6285 |  90     Z(I) = Z(I)*WGHT(I)
      |                                                                        1
Warning: Fortran 2018 deleted feature: DO termination statement which is not END DO or CONTINUE with label 90 at (1)
opkda1.f:6481:72:

 6481 |  10     V(I,1) = B(I)*WGHT(I)
      |                                                                        1
Warning: Fortran 2018 deleted feature: DO termination statement which is not END DO or CONTINUE with label 10 at (1)
opkda1.f:6489:72:

 6489 |  25     X(I) = 0.0D0
      |                                                                        1
Warning: Fortran 2018 deleted feature: DO termination statement which is not END DO or CONTINUE with label 25 at (1)
opkda1.f:6500:72:

 6500 |  50     V(I,1) = B(I)*WGHT(I)
      |                                                                        1
Warning: Fortran 2018 deleted feature: DO termination statement which is not END DO or CONTINUE with label 50 at (1)
opkda1.f:6508:72:

 6508 |  60       HES(I,J) = 0.0D0
      |                                                                        1
Warning: Fortran 2018 deleted feature: DO termination statement which is not END DO or CONTINUE with label 60 at (1)
opkda1.f:6547:72:

 6547 |  70             DL(K) = S*DL(K) + C*V(K,IP1)
      |                                                                        1
Warning: Fortran 2018 deleted feature: DO termination statement which is not END DO or CONTINUE with label 70 at (1)
opkda1.f:6554:72:

 6554 |  80         DL(K) = S*DL(K) + C*V(K,LLP1)
      |                                                                        1
Warning: Fortran 2018 deleted feature: DO termination statement which is not END DO or CONTINUE with label 80 at (1)
opkda1.f:6586:72:

 6586 |  210    B(K) = 0.0D0
      |                                                                        1
Warning: Fortran 2018 deleted feature: DO termination statement which is not END DO or CONTINUE with label 210 at (1)
opkda1.f:6590:72:

 6590 |  220    X(K) = 0.0D0
      |                                                                        1
Warning: Fortran 2018 deleted feature: DO termination statement which is not END DO or CONTINUE with label 220 at (1)
opkda1.f:6595:72:

 6595 |  240    X(I) = X(I)/WGHT(I)
      |                                                                        1
Warning: Fortran 2018 deleted feature: DO termination statement which is not END DO or CONTINUE with label 240 at (1)
opkda1.f:6693:72:

 6693 |  10     X(I) = 0.0D0
      |                                                                        1
Warning: Fortran 2018 deleted feature: DO termination statement which is not END DO or CONTINUE with label 10 at (1)
opkda1.f:6721:72:

 6721 |  60     P(I) = Z(I) + BETA*P(I)
      |                                                                        1
Warning: Fortran 2018 deleted feature: DO termination statement which is not END DO or CONTINUE with label 60 at (1)
opkda1.f:6839:72:

 6839 |  10     X(I) = 0.0D0
      |                                                                        1
Warning: Fortran 2018 deleted feature: DO termination statement which is not END DO or CONTINUE with label 10 at (1)
opkda1.f:6861:72:

 6861 |  45     ZTR = ZTR + Z(I)*R(I)*WGHT(I)**2
      |                                                                        1
Warning: Fortran 2018 deleted feature: DO termination statement which is not END DO or CONTINUE with label 45 at (1)
opkda1.f:6869:72:

 6869 |  60     P(I) = Z(I) + BETA*P(I)
      |                                                                        1
Warning: Fortran 2018 deleted feature: DO termination statement which is not END DO or CONTINUE with label 60 at (1)
opkda1.f:6878:72:

 6878 |  80     PTW = PTW + P(I)*W(I)*WGHT(I)**2
      |                                                                        1
Warning: Fortran 2018 deleted feature: DO termination statement which is not END DO or CONTINUE with label 80 at (1)
opkda1.f:6962:72:

 6962 |  20     Y(I) = W(I) + P(I)*RPNRM
      |                                                                        1
Warning: Fortran 2018 deleted feature: DO termination statement which is not END DO or CONTINUE with label 20 at (1)
opkda1.f:6968:72:

 6968 |  40     W(I) = P(I) - FAC*(WK(I) - SAVF(I))
      |                                                                        1
Warning: Fortran 2018 deleted feature: DO termination statement which is not END DO or CONTINUE with label 40 at (1)
opkda1.f:7046:72:

 7046 |  20     X(I) = 0.0D0
      |                                                                        1
Warning: Fortran 2018 deleted feature: DO termination statement which is not END DO or CONTINUE with label 20 at (1)
opkda1.f:7092:72:

 7092 |  20     ISAV(I) = ILS(I)
      |                                                                        1
Warning: Fortran 2018 deleted feature: DO termination statement which is not END DO or CONTINUE with label 20 at (1)
opkda1.f:7094:72:

 7094 |  40     ISAV(LENILS+I) = ILSP(I)
      |                                                                        1
Warning: Fortran 2018 deleted feature: DO termination statement which is not END DO or CONTINUE with label 40 at (1)
opkda1.f:7101:72:

 7101 |  120     ILS(I) = ISAV(I)
      |                                                                        1
Warning: Fortran 2018 deleted feature: DO termination statement which is not END DO or CONTINUE with label 120 at (1)
opkda1.f:7103:72:

 7103 |  140     ILSP(I) = ISAV(LENILS+I)
      |                                                                        1
Warning: Fortran 2018 deleted feature: DO termination statement which is not END DO or CONTINUE with label 140 at (1)
opkda1.f:7673:72:

 7673 |  60     Y(I) = Y0(I) + HG*YDOT(I)
      |                                                                        1
Warning: Fortran 2018 deleted feature: DO termination statement which is not END DO or CONTINUE with label 60 at (1)
opkda1.f:7676:72:

 7676 |  70     TEMP(I) = (TEMP(I) - YDOT(I))/HG
      |                                                                        1
Warning: Fortran 2018 deleted feature: DO termination statement which is not END DO or CONTINUE with label 70 at (1)
opkda1.f:7888:72:

 7888 |  125    EL(I) = ELCO(I,NQ)
      |                                                                        1
Warning: Fortran 2018 deleted feature: DO termination statement which is not END DO or CONTINUE with label 125 at (1)
opkda1.f:7910:72:

 7910 |  155    EL(I) = ELCO(I,NQ)
      |                                                                        1
Warning: Fortran 2018 deleted feature: DO termination statement which is not END DO or CONTINUE with label 155 at (1)
opkda1.f:7935:72:

 7935 |         DO 180 I = 1,N
      |                                                                        1
Warning: Fortran 2018 deleted feature: Shared DO termination label 180 at (1)
opkda1.f:7936:72:

 7936 |  180      YH(I,J) = YH(I,J)*R
      |                                                                        1
Warning: Fortran 2018 deleted feature: DO termination statement which is not END DO or CONTINUE with label 180 at (1)
opkda1.f:7965:72:

 7965 |  210      YH1(I) = YH1(I) + YH1(I+NYH)
      |                                                                        1
Warning: Fortran 2018 deleted feature: DO termination statement which is not END DO or CONTINUE with label 210 at (1)
opkda1.f:7982:72:

 7982 |  230    Y(I) = YH(I,1)
      |                                                                        1
Warning: Fortran 2018 deleted feature: DO termination statement which is not END DO or CONTINUE with label 230 at (1)
opkda1.f:8008:72:

 8008 |  260    ACOR(I) = 0.0D0
      |                                                                        1
Warning: Fortran 2018 deleted feature: DO termination statement which is not END DO or CONTINUE with label 260 at (1)
opkda1.f:8016:72:

 8016 |  290    Y(I) = SAVF(I) - ACOR(I)
      |                                                                        1
Warning: Fortran 2018 deleted feature: DO termination statement which is not END DO or CONTINUE with label 290 at (1)
opkda1.f:8020:72:

 8020 |  300    ACOR(I) = SAVF(I)
      |                                                                        1
Warning: Fortran 2018 deleted feature: DO termination statement which is not END DO or CONTINUE with label 300 at (1)
opkda1.f:8030:72:

 8030 |  360    SAVX(I) = H*SAVF(I) - (YH(I,2) + ACOR(I))
      |                                                                        1
Warning: Fortran 2018 deleted feature: DO termination statement which is not END DO or CONTINUE with label 360 at (1)
opkda1.f:8039:72:

 8039 |  380    Y(I) = YH(I,1) + EL(1)*ACOR(I)
      |                                                                        1
Warning: Fortran 2018 deleted feature: DO termination statement which is not END DO or CONTINUE with label 380 at (1)
opkda1.f:8098:72:

 8098 |  440      YH1(I) = YH1(I) - YH1(I+NYH)
      |                                                                        1
Warning: Fortran 2018 deleted feature: DO termination statement which is not END DO or CONTINUE with label 440 at (1)
opkda1.f:8139:72:

 8139 |         DO 470 I = 1,N
      |                                                                        1
Warning: Fortran 2018 deleted feature: Shared DO termination label 470 at (1)
opkda1.f:8140:72:

 8140 |  470      YH(I,J) = YH(I,J) + EL(J)*ACOR(I)
      |                                                                        1
Warning: Fortran 2018 deleted feature: DO termination statement which is not END DO or CONTINUE with label 470 at (1)
opkda1.f:8146:72:

 8146 |  490    YH(I,LMAX) = ACOR(I)
      |                                                                        1
Warning: Fortran 2018 deleted feature: DO termination statement which is not END DO or CONTINUE with label 490 at (1)
opkda1.f:8162:72:

 8162 |  510      YH1(I) = YH1(I) - YH1(I+NYH)
      |                                                                        1
Warning: Fortran 2018 deleted feature: DO termination statement which is not END DO or CONTINUE with label 510 at (1)
opkda1.f:8182:72:

 8182 |  530    SAVF(I) = ACOR(I) - YH(I,LMAX)
      |                                                                        1
Warning: Fortran 2018 deleted feature: DO termination statement which is not END DO or CONTINUE with label 530 at (1)
opkda1.f:8209:72:

 8209 |  600    YH(I,NEWQ+1) = ACOR(I)*R
      |                                                                        1
Warning: Fortran 2018 deleted feature: DO termination statement which is not END DO or CONTINUE with label 600 at (1)
opkda1.f:8239:72:

 8239 |  645    Y(I) = YH(I,1)
      |                                                                        1
Warning: Fortran 2018 deleted feature: DO termination statement which is not END DO or CONTINUE with label 645 at (1)
opkda1.f:8243:72:

 8243 |  650    YH(I,2) = H*SAVF(I)
      |                                                                        1
Warning: Fortran 2018 deleted feature: DO termination statement which is not END DO or CONTINUE with label 650 at (1)
opkda1.f:8264:72:

 8264 |  710    ACOR(I) = ACOR(I)*R
      |                                                                        1
Warning: Fortran 2018 deleted feature: DO termination statement which is not END DO or CONTINUE with label 710 at (1)
opkda1.f:8369:72:

 8369 |  20     ISAV(I) = ILS(I)
      |                                                                        1
Warning: Fortran 2018 deleted feature: DO termination statement which is not END DO or CONTINUE with label 20 at (1)
opkda1.f:8376:72:

 8376 |  30     ISAV(IOFF+I) = ILSR(I)
      |                                                                        1
Warning: Fortran 2018 deleted feature: DO termination statement which is not END DO or CONTINUE with label 30 at (1)
opkda1.f:8379:72:

 8379 |  40     ISAV(IOFF+I) = ILSP(I)
      |                                                                        1
Warning: Fortran 2018 deleted feature: DO termination statement which is not END DO or CONTINUE with label 40 at (1)
opkda1.f:8388:72:

 8388 |  120    ILS(I) = ISAV(I)
      |                                                                        1
Warning: Fortran 2018 deleted feature: DO termination statement which is not END DO or CONTINUE with label 120 at (1)
opkda1.f:8395:72:

 8395 |  130    ILSR(I) = ISAV(IOFF+I)
      |                                                                        1
Warning: Fortran 2018 deleted feature: DO termination statement which is not END DO or CONTINUE with label 130 at (1)
opkda1.f:8398:72:

 8398 |  140    ILSP(I) = ISAV(IOFF+I)
      |                                                                        1
Warning: Fortran 2018 deleted feature: DO termination statement which is not END DO or CONTINUE with label 140 at (1)
opkda1.f:8428:72:

 8428 |    10    PW(I) = 0.0D0
      |                                                                        1
Warning: Fortran 2018 deleted feature: DO termination statement which is not END DO or CONTINUE with label 10 at (1)
opkda1.f:8448:72:

 8448 |   110    PW(I) = 0.0D0
      |                                                                        1
Warning: Fortran 2018 deleted feature: DO termination statement which is not END DO or CONTINUE with label 110 at (1)
opkda1.f:8627:72:

 8627 |  125    EL(I) = ELCO(I,NQ)
      |                                                                        1
Warning: Fortran 2018 deleted feature: DO termination statement which is not END DO or CONTINUE with label 125 at (1)
opkda1.f:8648:72:

 8648 |  155    EL(I) = ELCO(I,NQ)
      |                                                                        1
Warning: Fortran 2018 deleted feature: DO termination statement which is not END DO or CONTINUE with label 155 at (1)
opkda1.f:8672:72:

 8672 |         DO 180 I = 1,N
      |                                                                        1
Warning: Fortran 2018 deleted feature: Shared DO termination label 180 at (1)
opkda1.f:8673:72:

 8673 |  180      YH(I,J) = YH(I,J)*R
      |                                                                        1
Warning: Fortran 2018 deleted feature: DO termination statement which is not END DO or CONTINUE with label 180 at (1)
opkda1.f:8694:72:

 8694 |  210      YH1(I) = YH1(I) + YH1(I+NYH)
      |                                                                        1
Warning: Fortran 2018 deleted feature: DO termination statement which is not END DO or CONTINUE with label 210 at (1)
opkda1.f:8705:72:

 8705 |  230    Y(I) = YH(I,1)
      |                                                                        1
Warning: Fortran 2018 deleted feature: DO termination statement which is not END DO or CONTINUE with label 230 at (1)
opkda1.f:8731:72:

 8731 |  260    ACOR(I) = 0.0D0
      |                                                                        1
Warning: Fortran 2018 deleted feature: DO termination statement which is not END DO or CONTINUE with label 260 at (1)
opkda1.f:8745:72:

 8745 |  380    Y(I) = YH(I,1) + EL1H*ACOR(I)
      |                                                                        1
Warning: Fortran 2018 deleted feature: DO termination statement which is not END DO or CONTINUE with label 380 at (1)
opkda1.f:8784:72:

 8784 |  440      YH1(I) = YH1(I) - YH1(I+NYH)
      |                                                                        1
Warning: Fortran 2018 deleted feature: DO termination statement which is not END DO or CONTINUE with label 440 at (1)
opkda1.f:8823:72:

 8823 |         DO 470 I = 1,N
      |                                                                        1
Warning: Fortran 2018 deleted feature: Shared DO termination label 470 at (1)
opkda1.f:8824:72:

 8824 |  470      YH(I,J) = YH(I,J) + ELJH*ACOR(I)
      |                                                                        1
Warning: Fortran 2018 deleted feature: DO termination statement which is not END DO or CONTINUE with label 470 at (1)
opkda1.f:8830:72:

 8830 |  490    YH(I,LMAX) = ACOR(I)
      |                                                                        1
Warning: Fortran 2018 deleted feature: DO termination statement which is not END DO or CONTINUE with label 490 at (1)
opkda1.f:8846:72:

 8846 |  510      YH1(I) = YH1(I) - YH1(I+NYH)
      |                                                                        1
Warning: Fortran 2018 deleted feature: DO termination statement which is not END DO or CONTINUE with label 510 at (1)
opkda1.f:8866:72:

 8866 |  530    SAVF(I) = ACOR(I) - YH(I,LMAX)
      |                                                                        1
Warning: Fortran 2018 deleted feature: DO termination statement which is not END DO or CONTINUE with label 530 at (1)
opkda1.f:8893:72:

 8893 |  600    YH(I,NEWQ+1) = ACOR(I)*R
      |                                                                        1
Warning: Fortran 2018 deleted feature: DO termination statement which is not END DO or CONTINUE with label 600 at (1)
opkda1.f:8924:72:

 8924 |  710    ACOR(I) = ACOR(I)*R
      |                                                                        1
Warning: Fortran 2018 deleted feature: DO termination statement which is not END DO or CONTINUE with label 710 at (1)
opkda1.f:9001:72:

 9001 |  110    WM(I+2) = 0.0D0
      |                                                                        1
Warning: Fortran 2018 deleted feature: DO termination statement which is not END DO or CONTINUE with label 110 at (1)
opkda1.f:9005:72:

 9005 |  120    WM(I+2) = WM(I+2)*CON
      |                                                                        1
Warning: Fortran 2018 deleted feature: DO termination statement which is not END DO or CONTINUE with label 120 at (1)
opkda1.f:9024:72:

 9024 |  220      WM(I+J1) = (RTEM(I) - SAVR(I))*FAC
      |                                                                        1
Warning: Fortran 2018 deleted feature: DO termination statement which is not END DO or CONTINUE with label 220 at (1)
opkda1.f:9055:72:

 9055 |  410    WM(I+2) = 0.0D0
      |                                                                        1
Warning: Fortran 2018 deleted feature: DO termination statement which is not END DO or CONTINUE with label 410 at (1)
opkda1.f:9059:72:

 9059 |  420    WM(I+2) = WM(I+2)*CON
      |                                                                        1
Warning: Fortran 2018 deleted feature: DO termination statement which is not END DO or CONTINUE with label 420 at (1)
opkda1.f:9079:72:

 9079 |  530      Y(I) = Y(I) + R
      |                                                                        1
Warning: Fortran 2018 deleted feature: DO termination statement which is not END DO or CONTINUE with label 530 at (1)
opkda1.f:9092:72:

 9092 |  540        WM(II+I) = (RTEM(I) - SAVR(I))*FAC
      |                                                                        1
Warning: Fortran 2018 deleted feature: DO termination statement which is not END DO or CONTINUE with label 540 at (1)
opkda1.f:9137:72:

 9137 |  10     PW(I) = 0.0D0
      |                                                                        1
Warning: Fortran 2018 deleted feature: DO termination statement which is not END DO or CONTINUE with label 10 at (1)
opkda1.f:9226:72:

 9226 |  110    WM(I+2) = 0.0D0
      |                                                                        1
Warning: Fortran 2018 deleted feature: DO termination statement which is not END DO or CONTINUE with label 110 at (1)
opkda1.f:9230:72:

 9230 |  120    WM(I+2) = WM(I+2)*CON
      |                                                                        1
Warning: Fortran 2018 deleted feature: DO termination statement which is not END DO or CONTINUE with label 120 at (1)
opkda1.f:9242:72:

 9242 |  205    WM(2+I) = 0.0D0
      |                                                                        1
Warning: Fortran 2018 deleted feature: DO termination statement which is not END DO or CONTINUE with label 205 at (1)
opkda1.f:9255:72:

 9255 |  215        RTEM(I) = RTEM(I) - SAVR(I)
      |                                                                        1
Warning: Fortran 2018 deleted feature: DO termination statement which is not END DO or CONTINUE with label 215 at (1)
opkda1.f:9266:72:

 9266 |  221          WM(IPA+J2) = RTEM(IIA+J2)*FAC
      |                                                                        1
Warning: Fortran 2018 deleted feature: DO termination statement which is not END DO or CONTINUE with label 221 at (1)
opkda1.f:9272:72:

 9272 |  222          WM(IPB+J2) = RTEM(IIB+J2)*FAC
      |                                                                        1
Warning: Fortran 2018 deleted feature: DO termination statement which is not END DO or CONTINUE with label 222 at (1)
opkda1.f:9279:72:

 9279 |  224          WM(IPC+J2) = RTEM(IIC+J2)*FAC
      |                                                                        1
Warning: Fortran 2018 deleted feature: DO termination statement which is not END DO or CONTINUE with label 224 at (1)
opkda1.f:9285:72:

 9285 |  226          WM(IPC+J2) = RTEM(J2)*FAC
      |                                                                        1
Warning: Fortran 2018 deleted feature: DO termination statement which is not END DO or CONTINUE with label 226 at (1)
opkda1.f:9292:72:

 9292 |  228          WM(IPB+J2) = RTEM(IIB+J2)*FAC
      |                                                                        1
Warning: Fortran 2018 deleted feature: DO termination statement which is not END DO or CONTINUE with label 228 at (1)
opkda1.f:9424:72:

 9424 |  80       CALL DGESL (A(1,1,K), M, M, IP(1,K), B(1,J,K), 0)
      |                                                                        1
Warning: Fortran 2018 deleted feature: DO termination statement which is not END DO or CONTINUE with label 80 at (1)
opkda1.f:9565:72:

 9565 |  10     RWORK(I) = RWORK(I+LYHD)
      |                                                                        1
Warning: Fortran 2018 deleted feature: DO termination statement which is not END DO or CONTINUE with label 10 at (1)
opkda1.f:9575:72:

 9575 |  30     RWORK(I+LEWTN-1) = RWORK(I+LEWT-1)
      |                                                                        1
Warning: Fortran 2018 deleted feature: DO termination statement which is not END DO or CONTINUE with label 30 at (1)
opkda1.f:9679:72:

 9679 |  25       S(I) = YH(N+I)
      |                                                                        1
Warning: Fortran 2018 deleted feature: DO termination statement which is not END DO or CONTINUE with label 25 at (1)
opkda1.f:9693:72:

 9693 |  35       IWK(LIWK+I) = 0
      |                                                                        1
Warning: Fortran 2018 deleted feature: DO termination statement which is not END DO or CONTINUE with label 35 at (1)
opkda1.f:9726:72:

 9726 |  75     WK(LENWK1+I) = 0.0D0
      |                                                                        1
Warning: Fortran 2018 deleted feature: DO termination statement which is not END DO or CONTINUE with label 75 at (1)
opkda1.f:9750:72:

 9750 |  105    WK(LENWK1+I) = 0.0D0
      |                                                                        1
Warning: Fortran 2018 deleted feature: DO termination statement which is not END DO or CONTINUE with label 105 at (1)
opkda1.f:9786:72:

 9786 |  155    SAVR(I) = 0.0D0
      |                                                                        1
Warning: Fortran 2018 deleted feature: DO termination statement which is not END DO or CONTINUE with label 155 at (1)
opkda1.f:9851:72:

 9851 |  245    Y(I) = YH(I)
      |                                                                        1
Warning: Fortran 2018 deleted feature: DO termination statement which is not END DO or CONTINUE with label 245 at (1)
opkda1.f:9884:72:

 9884 |  270    IWK(IBR+I) = I
      |                                                                        1
Warning: Fortran 2018 deleted feature: DO termination statement which is not END DO or CONTINUE with label 270 at (1)
opkda1.f:9899:72:

 9899 |  280    WK(IBA+I) = 0.0D0
      |                                                                        1
Warning: Fortran 2018 deleted feature: DO termination statement which is not END DO or CONTINUE with label 280 at (1)
opkda1.f:10000:72:

10000 |  10     WK(IBA+I) = 0.0D0
      |                                                                        1
Warning: Fortran 2018 deleted feature: DO termination statement which is not END DO or CONTINUE with label 10 at (1)
opkda1.f:10011:72:

10011 |  15       TEM(I) = 0.0D0
      |                                                                        1
Warning: Fortran 2018 deleted feature: DO termination statement which is not END DO or CONTINUE with label 15 at (1)
opkda1.f:10015:72:

10015 |  20       WK(IBA+K) = TEM(I)
      |                                                                        1
Warning: Fortran 2018 deleted feature: DO termination statement which is not END DO or CONTINUE with label 20 at (1)
opkda1.f:10021:72:

10021 |  40     TEM(I) = 0.0D0
      |                                                                        1
Warning: Fortran 2018 deleted feature: DO termination statement which is not END DO or CONTINUE with label 40 at (1)
opkda1.f:10122:72:

10122 |  110      RTEM(I) = 0.0D0
      |                                                                        1
Warning: Fortran 2018 deleted feature: DO termination statement which is not END DO or CONTINUE with label 110 at (1)
opkda1.f:10125:72:

10125 |  120      RTEM(I) = RTEM(I)*CON
      |                                                                        1
Warning: Fortran 2018 deleted feature: DO termination statement which is not END DO or CONTINUE with label 120 at (1)
opkda1.f:10148:72:

10148 |  210      Y(JJ) = Y(JJ) + R
      |                                                                        1
Warning: Fortran 2018 deleted feature: DO termination statement which is not END DO or CONTINUE with label 210 at (1)
opkda1.f:10180:72:

10180 |  295    RTEM(I) = 0.0D0
      |                                                                        1
Warning: Fortran 2018 deleted feature: DO termination statement which is not END DO or CONTINUE with label 295 at (1)
opkda1.f:1278:72:

 1278 |      1   RWORK(LACOR), IA, JA, RWORK(LWM), RWORK(LWM), IPFLAG, F, JAC)
      |                                                                        1
Warning: Type mismatch in argument 'iwk' at (1); passed REAL(8) to INTEGER(4)
opkda1.f:9555:72:

 9555 |      2   RES, JAC, ADDA)
      |                                                                        1
Warning: Type mismatch in argument 'iwk' at (1); passed REAL(8) to INTEGER(4)
/opt/homebrew/bin/gfortran -Ofast -march=native -fPIC -fallow-argument-mismatch -cpp   -L/Library/Developer/CommandLineTools/SDKs/MacOSX.sdk/usr/lib/ -c   opkdmain.f
opkdmain.f:1353:72:

 1353 |  80     RWORK(I+LSAVF-1) = RWORK(I+LWM-1)
      |                                                                        1
Warning: Fortran 2018 deleted feature: DO termination statement which is not END DO or CONTINUE with label 80 at (1)
opkdmain.f:1362:72:

 1362 |  95     RWORK(I) = 0.0D0
      |                                                                        1
Warning: Fortran 2018 deleted feature: DO termination statement which is not END DO or CONTINUE with label 95 at (1)
opkdmain.f:1396:72:

 1396 |  115    RWORK(I+LYH-1) = Y(I)
      |                                                                        1
Warning: Fortran 2018 deleted feature: DO termination statement which is not END DO or CONTINUE with label 115 at (1)
opkdmain.f:1403:72:

 1403 |  120    RWORK(I+LEWT-1) = 1.0D0/RWORK(I+LEWT-1)
      |                                                                        1
Warning: Fortran 2018 deleted feature: DO termination statement which is not END DO or CONTINUE with label 120 at (1)
opkdmain.f:1427:72:

 1427 |  130    TOL = MAX(TOL,RTOL(I))
      |                                                                        1
Warning: Fortran 2018 deleted feature: DO termination statement which is not END DO or CONTINUE with label 130 at (1)
opkdmain.f:1448:72:

 1448 |  190    RWORK(I+LF0-1) = H0*RWORK(I+LF0-1)
      |                                                                        1
Warning: Fortran 2018 deleted feature: DO termination statement which is not END DO or CONTINUE with label 190 at (1)
opkdmain.f:1504:72:

 1504 |  260    RWORK(I+LEWT-1) = 1.0D0/RWORK(I+LEWT-1)
      |                                                                        1
Warning: Fortran 2018 deleted feature: DO termination statement which is not END DO or CONTINUE with label 260 at (1)
opkdmain.f:1580:72:

 1580 |  410    Y(I) = RWORK(I+LYH-1)
      |                                                                        1
Warning: Fortran 2018 deleted feature: DO termination statement which is not END DO or CONTINUE with label 410 at (1)
opkdmain.f:1650:72:

 1650 |  590    Y(I) = RWORK(I+LYH-1)
      |                                                                        1
Warning: Fortran 2018 deleted feature: DO termination statement which is not END DO or CONTINUE with label 590 at (1)
opkdmain.f:3233:72:

 3233 |  72       RWORK(J) = RWORK(J+LYHD)
      |                                                                        1
Warning: Fortran 2018 deleted feature: DO termination statement which is not END DO or CONTINUE with label 72 at (1)
opkdmain.f:3237:72:

 3237 |  76       RWORK(I) = RWORK(I+LYHD)
      |                                                                        1
Warning: Fortran 2018 deleted feature: DO termination statement which is not END DO or CONTINUE with label 76 at (1)
opkdmain.f:3247:72:

 3247 |  82     RWORK(I+LEWT-1) = 1.0D0/RWORK(I+LEWT-1)
      |                                                                        1
Warning: Fortran 2018 deleted feature: DO termination statement which is not END DO or CONTINUE with label 82 at (1)
opkdmain.f:3276:72:

 3276 |  95     RWORK(I) = 0.0D0
      |                                                                        1
Warning: Fortran 2018 deleted feature: DO termination statement which is not END DO or CONTINUE with label 95 at (1)
opkdmain.f:3298:72:

 3298 |  105    RWORK(I+LYH-1) = Y(I)
      |                                                                        1
Warning: Fortran 2018 deleted feature: DO termination statement which is not END DO or CONTINUE with label 105 at (1)
opkdmain.f:3307:72:

 3307 |  110    RWORK(I+LEWT-1) = 1.0D0/RWORK(I+LEWT-1)
      |                                                                        1
Warning: Fortran 2018 deleted feature: DO termination statement which is not END DO or CONTINUE with label 110 at (1)
opkdmain.f:3377:72:

 3377 |  130    TOL = MAX(TOL,RTOL(I))
      |                                                                        1
Warning: Fortran 2018 deleted feature: DO termination statement which is not END DO or CONTINUE with label 130 at (1)
opkdmain.f:3398:72:

 3398 |  190    RWORK(I+LF0-1) = H0*RWORK(I+LF0-1)
      |                                                                        1
Warning: Fortran 2018 deleted feature: DO termination statement which is not END DO or CONTINUE with label 190 at (1)
opkdmain.f:3454:72:

 3454 |  260    RWORK(I+LEWT-1) = 1.0D0/RWORK(I+LEWT-1)
      |                                                                        1
Warning: Fortran 2018 deleted feature: DO termination statement which is not END DO or CONTINUE with label 260 at (1)
opkdmain.f:3531:72:

 3531 |  410    Y(I) = RWORK(I+LYH-1)
      |                                                                        1
Warning: Fortran 2018 deleted feature: DO termination statement which is not END DO or CONTINUE with label 410 at (1)
opkdmain.f:3616:72:

 3616 |  590    Y(I) = RWORK(I+LYH-1)
      |                                                                        1
Warning: Fortran 2018 deleted feature: DO termination statement which is not END DO or CONTINUE with label 590 at (1)
opkdmain.f:4961:72:

 4961 |  95     RWORK(I) = 0.0D0
      |                                                                        1
Warning: Fortran 2018 deleted feature: DO termination statement which is not END DO or CONTINUE with label 95 at (1)
opkdmain.f:4998:72:

 4998 |  115    RWORK(I+LYH-1) = Y(I)
      |                                                                        1
Warning: Fortran 2018 deleted feature: DO termination statement which is not END DO or CONTINUE with label 115 at (1)
opkdmain.f:5005:72:

 5005 |  120    RWORK(I+LEWT-1) = 1.0D0/RWORK(I+LEWT-1)
      |                                                                        1
Warning: Fortran 2018 deleted feature: DO termination statement which is not END DO or CONTINUE with label 120 at (1)
opkdmain.f:5032:72:

 5032 |  130    TOL = MAX(TOL,RTOL(I))
      |                                                                        1
Warning: Fortran 2018 deleted feature: DO termination statement which is not END DO or CONTINUE with label 130 at (1)
opkdmain.f:5053:72:

 5053 |  190    RWORK(I+LF0-1) = H0*RWORK(I+LF0-1)
      |                                                                        1
Warning: Fortran 2018 deleted feature: DO termination statement which is not END DO or CONTINUE with label 190 at (1)
opkdmain.f:5112:72:

 5112 |  260    RWORK(I+LEWT-1) = 1.0D0/RWORK(I+LEWT-1)
      |                                                                        1
Warning: Fortran 2018 deleted feature: DO termination statement which is not END DO or CONTINUE with label 260 at (1)
opkdmain.f:5214:72:

 5214 |  410    Y(I) = RWORK(I+LYH-1)
      |                                                                        1
Warning: Fortran 2018 deleted feature: DO termination statement which is not END DO or CONTINUE with label 410 at (1)
opkdmain.f:5302:72:

 5302 |  590    Y(I) = RWORK(I+LYH-1)
      |                                                                        1
Warning: Fortran 2018 deleted feature: DO termination statement which is not END DO or CONTINUE with label 590 at (1)
opkdmain.f:6756:72:

 6756 |  95     RWORK(I) = 0.0D0
      |                                                                        1
Warning: Fortran 2018 deleted feature: DO termination statement which is not END DO or CONTINUE with label 95 at (1)
opkdmain.f:6793:72:

 6793 |  115    RWORK(I+LYH-1) = Y(I)
      |                                                                        1
Warning: Fortran 2018 deleted feature: DO termination statement which is not END DO or CONTINUE with label 115 at (1)
opkdmain.f:6800:72:

 6800 |  120    RWORK(I+LEWT-1) = 1.0D0/RWORK(I+LEWT-1)
      |                                                                        1
Warning: Fortran 2018 deleted feature: DO termination statement which is not END DO or CONTINUE with label 120 at (1)
opkdmain.f:6827:72:

 6827 |  130    TOL = MAX(TOL,RTOL(I))
      |                                                                        1
Warning: Fortran 2018 deleted feature: DO termination statement which is not END DO or CONTINUE with label 130 at (1)
opkdmain.f:6848:72:

 6848 |  190    RWORK(I+LF0-1) = H0*RWORK(I+LF0-1)
      |                                                                        1
Warning: Fortran 2018 deleted feature: DO termination statement which is not END DO or CONTINUE with label 190 at (1)
opkdmain.f:6934:72:

 6934 |  260    RWORK(I+LEWT-1) = 1.0D0/RWORK(I+LEWT-1)
      |                                                                        1
Warning: Fortran 2018 deleted feature: DO termination statement which is not END DO or CONTINUE with label 260 at (1)
opkdmain.f:7048:72:

 7048 |  410    Y(I) = RWORK(I+LYH-1)
      |                                                                        1
Warning: Fortran 2018 deleted feature: DO termination statement which is not END DO or CONTINUE with label 410 at (1)
opkdmain.f:7139:72:

 7139 |  590    Y(I) = RWORK(I+LYH-1)
      |                                                                        1
Warning: Fortran 2018 deleted feature: DO termination statement which is not END DO or CONTINUE with label 590 at (1)
opkdmain.f:8558:72:

 8558 |  80     RWORK(I+LSAVF-1) = RWORK(I+LWM-1)
      |                                                                        1
Warning: Fortran 2018 deleted feature: DO termination statement which is not END DO or CONTINUE with label 80 at (1)
opkdmain.f:8566:72:

 8566 |  95     RWORK(I) = 0.0D0
      |                                                                        1
Warning: Fortran 2018 deleted feature: DO termination statement which is not END DO or CONTINUE with label 95 at (1)
opkdmain.f:8609:72:

 8609 |  115    RWORK(I+LYH-1) = Y(I)
      |                                                                        1
Warning: Fortran 2018 deleted feature: DO termination statement which is not END DO or CONTINUE with label 115 at (1)
opkdmain.f:8616:72:

 8616 |  120    RWORK(I+LEWT-1) = 1.0D0/RWORK(I+LEWT-1)
      |                                                                        1
Warning: Fortran 2018 deleted feature: DO termination statement which is not END DO or CONTINUE with label 120 at (1)
opkdmain.f:8640:72:

 8640 |  130    TOL = MAX(TOL,RTOL(I))
      |                                                                        1
Warning: Fortran 2018 deleted feature: DO termination statement which is not END DO or CONTINUE with label 130 at (1)
opkdmain.f:8661:72:

 8661 |  190    RWORK(I+LF0-1) = H0*RWORK(I+LF0-1)
      |                                                                        1
Warning: Fortran 2018 deleted feature: DO termination statement which is not END DO or CONTINUE with label 190 at (1)
opkdmain.f:8761:72:

 8761 |  260    RWORK(I+LEWT-1) = 1.0D0/RWORK(I+LEWT-1)
      |                                                                        1
Warning: Fortran 2018 deleted feature: DO termination statement which is not END DO or CONTINUE with label 260 at (1)
opkdmain.f:8838:72:

 8838 |  410    Y(I) = RWORK(I+LYH-1)
      |                                                                        1
Warning: Fortran 2018 deleted feature: DO termination statement which is not END DO or CONTINUE with label 410 at (1)
opkdmain.f:8921:72:

 8921 |  590    Y(I) = RWORK(I+LYH-1)
      |                                                                        1
Warning: Fortran 2018 deleted feature: DO termination statement which is not END DO or CONTINUE with label 590 at (1)
opkdmain.f:10445:72:

10445 |  80     RWORK(I+LSAVF-1) = RWORK(I+LWM-1)
      |                                                                        1
Warning: Fortran 2018 deleted feature: DO termination statement which is not END DO or CONTINUE with label 80 at (1)
opkdmain.f:10453:72:

10453 |  95     RWORK(I) = 0.0D0
      |                                                                        1
Warning: Fortran 2018 deleted feature: DO termination statement which is not END DO or CONTINUE with label 95 at (1)
opkdmain.f:10498:72:

10498 |  115    RWORK(I+LYH-1) = Y(I)
      |                                                                        1
Warning: Fortran 2018 deleted feature: DO termination statement which is not END DO or CONTINUE with label 115 at (1)
opkdmain.f:10505:72:

10505 |  120    RWORK(I+LEWT-1) = 1.0D0/RWORK(I+LEWT-1)
      |                                                                        1
Warning: Fortran 2018 deleted feature: DO termination statement which is not END DO or CONTINUE with label 120 at (1)
opkdmain.f:10518:72:

10518 |  190    RWORK(I+LF0-1) = H0*RWORK(I+LF0-1)
      |                                                                        1
Warning: Fortran 2018 deleted feature: DO termination statement which is not END DO or CONTINUE with label 190 at (1)
opkdmain.f:10646:72:

10646 |  260    RWORK(I+LEWT-1) = 1.0D0/RWORK(I+LEWT-1)
      |                                                                        1
Warning: Fortran 2018 deleted feature: DO termination statement which is not END DO or CONTINUE with label 260 at (1)
opkdmain.f:10737:72:

10737 |  410    Y(I) = RWORK(I+LYH-1)
      |                                                                        1
Warning: Fortran 2018 deleted feature: DO termination statement which is not END DO or CONTINUE with label 410 at (1)
opkdmain.f:10825:72:

10825 |  590    Y(I) = RWORK(I+LYH-1)
      |                                                                        1
Warning: Fortran 2018 deleted feature: DO termination statement which is not END DO or CONTINUE with label 590 at (1)
opkdmain.f:12268:72:

12268 |  80     YDOTI(I) = RWORK(I+LWM-1)
      |                                                                        1
Warning: Fortran 2018 deleted feature: DO termination statement which is not END DO or CONTINUE with label 80 at (1)
opkdmain.f:12277:72:

12277 |  95     RWORK(I) = 0.0D0
      |                                                                        1
Warning: Fortran 2018 deleted feature: DO termination statement which is not END DO or CONTINUE with label 95 at (1)
opkdmain.f:12317:72:

12317 |  115        RWORK(I+LYH-1) = Y(I)
      |                                                                        1
Warning: Fortran 2018 deleted feature: DO termination statement which is not END DO or CONTINUE with label 115 at (1)
opkdmain.f:12322:72:

12322 |  125        RWORK(I+LYD0-1) = YDOTI(I)
      |                                                                        1
Warning: Fortran 2018 deleted feature: DO termination statement which is not END DO or CONTINUE with label 125 at (1)
opkdmain.f:12330:72:

12330 |  135    RWORK(I+LEWT-1) = 1.0D0/RWORK(I+LEWT-1)
      |                                                                        1
Warning: Fortran 2018 deleted feature: DO termination statement which is not END DO or CONTINUE with label 135 at (1)
opkdmain.f:12354:72:

12354 |  140    TOL = MAX(TOL,RTOL(I))
      |                                                                        1
Warning: Fortran 2018 deleted feature: DO termination statement which is not END DO or CONTINUE with label 140 at (1)
opkdmain.f:12375:72:

12375 |  190    RWORK(I+LYD0-1) = H0*RWORK(I+LYD0-1)
      |                                                                        1
Warning: Fortran 2018 deleted feature: DO termination statement which is not END DO or CONTINUE with label 190 at (1)
opkdmain.f:12431:72:

12431 |  260    RWORK(I+LEWT-1) = 1.0D0/RWORK(I+LEWT-1)
      |                                                                        1
Warning: Fortran 2018 deleted feature: DO termination statement which is not END DO or CONTINUE with label 260 at (1)
opkdmain.f:12511:72:

12511 |  410    Y(I) = RWORK(I+LYH-1)
      |                                                                        1
Warning: Fortran 2018 deleted feature: DO termination statement which is not END DO or CONTINUE with label 410 at (1)
opkdmain.f:12609:72:

12609 |  585     Y(I) = RWORK(I+LYH-1)
      |                                                                        1
Warning: Fortran 2018 deleted feature: DO termination statement which is not END DO or CONTINUE with label 585 at (1)
opkdmain.f:12621:72:

12621 |  592    Y(I) = RWORK(I+LYH-1)
      |                                                                        1
Warning: Fortran 2018 deleted feature: DO termination statement which is not END DO or CONTINUE with label 592 at (1)
opkdmain.f:14080:72:

14080 |  80     YDOTI(I) = RWORK(I+LWM-1)
      |                                                                        1
Warning: Fortran 2018 deleted feature: DO termination statement which is not END DO or CONTINUE with label 80 at (1)
opkdmain.f:14089:72:

14089 |  95     RWORK(I) = 0.0D0
      |                                                                        1
Warning: Fortran 2018 deleted feature: DO termination statement which is not END DO or CONTINUE with label 95 at (1)
opkdmain.f:14129:72:

14129 |   115       RWORK(I+LYH-1) = Y(I)
      |                                                                        1
Warning: Fortran 2018 deleted feature: DO termination statement which is not END DO or CONTINUE with label 115 at (1)
opkdmain.f:14134:72:

14134 |   125       RWORK(I+LYD0-1) = YDOTI(I)
      |                                                                        1
Warning: Fortran 2018 deleted feature: DO termination statement which is not END DO or CONTINUE with label 125 at (1)
opkdmain.f:14142:72:

14142 |  135    RWORK(I+LEWT-1) = 1.0D0/RWORK(I+LEWT-1)
      |                                                                        1
Warning: Fortran 2018 deleted feature: DO termination statement which is not END DO or CONTINUE with label 135 at (1)
opkdmain.f:14166:72:

14166 |  140    TOL = MAX(TOL,RTOL(I))
      |                                                                        1
Warning: Fortran 2018 deleted feature: DO termination statement which is not END DO or CONTINUE with label 140 at (1)
opkdmain.f:14187:72:

14187 |  190    RWORK(I+LYD0-1) = H0*RWORK(I+LYD0-1)
      |                                                                        1
Warning: Fortran 2018 deleted feature: DO termination statement which is not END DO or CONTINUE with label 190 at (1)
opkdmain.f:14243:72:

14243 |  260    RWORK(I+LEWT-1) = 1.0D0/RWORK(I+LEWT-1)
      |                                                                        1
Warning: Fortran 2018 deleted feature: DO termination statement which is not END DO or CONTINUE with label 260 at (1)
opkdmain.f:14323:72:

14323 |  410    Y(I) = RWORK(I+LYH-1)
      |                                                                        1
Warning: Fortran 2018 deleted feature: DO termination statement which is not END DO or CONTINUE with label 410 at (1)
opkdmain.f:14421:72:

14421 |  585     Y(I) = RWORK(I+LYH-1)
      |                                                                        1
Warning: Fortran 2018 deleted feature: DO termination statement which is not END DO or CONTINUE with label 585 at (1)
opkdmain.f:14433:72:

14433 |  592    Y(I) = RWORK(I+LYH-1)
      |                                                                        1
Warning: Fortran 2018 deleted feature: DO termination statement which is not END DO or CONTINUE with label 592 at (1)
opkdmain.f:16138:72:

16138 |  72       RWORK(J) = RWORK(J+LYHD)
      |                                                                        1
Warning: Fortran 2018 deleted feature: DO termination statement which is not END DO or CONTINUE with label 72 at (1)
opkdmain.f:16142:72:

16142 |  76       RWORK(I) = RWORK(I+LYHD)
      |                                                                        1
Warning: Fortran 2018 deleted feature: DO termination statement which is not END DO or CONTINUE with label 76 at (1)
opkdmain.f:16151:72:

16151 |  82     RWORK(I+LEWT-1) = 1.0D0/RWORK(I+LEWT-1)
      |                                                                        1
Warning: Fortran 2018 deleted feature: DO termination statement which is not END DO or CONTINUE with label 82 at (1)
opkdmain.f:16180:72:

16180 |  92     YDOTI(I) = RWORK(I+LSAVF-1)
      |                                                                        1
Warning: Fortran 2018 deleted feature: DO termination statement which is not END DO or CONTINUE with label 92 at (1)
opkdmain.f:16187:72:

16187 |  95     RWORK(I) = 0.0D0
      |                                                                        1
Warning: Fortran 2018 deleted feature: DO termination statement which is not END DO or CONTINUE with label 95 at (1)
opkdmain.f:16210:72:

16210 |  105    RWORK(I+LYH-1) = Y(I)
      |                                                                        1
Warning: Fortran 2018 deleted feature: DO termination statement which is not END DO or CONTINUE with label 105 at (1)
opkdmain.f:16215:72:

16215 |  106    RWORK(I+LYD0-1) = YDOTI(I)
      |                                                                        1
Warning: Fortran 2018 deleted feature: DO termination statement which is not END DO or CONTINUE with label 106 at (1)
opkdmain.f:16221:72:

16221 |  110    RWORK(I+LEWT-1) = 1.0D0/RWORK(I+LEWT-1)
      |                                                                        1
Warning: Fortran 2018 deleted feature: DO termination statement which is not END DO or CONTINUE with label 110 at (1)
opkdmain.f:16293:72:

16293 |  140    TOL = MAX(TOL,RTOL(I))
      |                                                                        1
Warning: Fortran 2018 deleted feature: DO termination statement which is not END DO or CONTINUE with label 140 at (1)
opkdmain.f:16314:72:

16314 |  190    RWORK(I+LYD0-1) = H0*RWORK(I+LYD0-1)
      |                                                                        1
Warning: Fortran 2018 deleted feature: DO termination statement which is not END DO or CONTINUE with label 190 at (1)
opkdmain.f:16370:72:

16370 |  260    RWORK(I+LEWT-1) = 1.0D0/RWORK(I+LEWT-1)
      |                                                                        1
Warning: Fortran 2018 deleted feature: DO termination statement which is not END DO or CONTINUE with label 260 at (1)
opkdmain.f:16451:72:

16451 |  410    Y(I) = RWORK(I+LYH-1)
      |                                                                        1
Warning: Fortran 2018 deleted feature: DO termination statement which is not END DO or CONTINUE with label 410 at (1)
opkdmain.f:16564:72:

16564 |  585     Y(I) = RWORK(I+LYH-1)
      |                                                                        1
Warning: Fortran 2018 deleted feature: DO termination statement which is not END DO or CONTINUE with label 585 at (1)
opkdmain.f:16576:72:

16576 |  592    Y(I) = RWORK(I+LYH-1)
      |                                                                        1
Warning: Fortran 2018 deleted feature: DO termination statement which is not END DO or CONTINUE with label 592 at (1)
opkdmain.f:3479:49:

 1529 |      1   RWORK(LSAVF), RWORK(LACOR), RWORK(LWM), IWORK(LIWM),
      |                                                 2
......
 3479 |      1   RWORK(LSAVF), RWORK(LACOR), RWORK(LWM), RWORK(LWM),
      |                                                 1
Warning: Type mismatch between actual argument at (1) and actual argument at (2) (REAL(8)/INTEGER(4)).
opkdmain.f:16398:9:

12459 |      2   IWORK(LIWM), RES, ADDA, JAC, DPREPJI, DSOLSY )
      |         2
......
16398 |      2   RWORK(LWM), RES, ADDA, JAC, DPRJIS, DSOLSS )
      |         1
Warning: Type mismatch between actual argument at (1) and actual argument at (2) (REAL(8)/INTEGER(4)).
/opt/homebrew/bin/gfortran -Ofast -march=native -fPIC -fallow-argument-mismatch -cpp   -L/Library/Developer/CommandLineTools/SDKs/MacOSX.sdk/usr/lib/ -c  gas_list_pcf.f90
/opt/homebrew/bin/gfortran -Ofast -march=native -fPIC -fallow-argument-mismatch -cpp   -L/Library/Developer/CommandLineTools/SDKs/MacOSX.sdk/usr/lib/ -c  def_spectrum.f90
/opt/homebrew/bin/gfortran -Ofast -march=native -fPIC -fallow-argument-mismatch -cpp   -L/Library/Developer/CommandLineTools/SDKs/MacOSX.sdk/usr/lib/ -c  refract_re_ccf.f90
/opt/homebrew/bin/gfortran -Ofast -march=native -fPIC -fallow-argument-mismatch -cpp   -L/Library/Developer/CommandLineTools/SDKs/MacOSX.sdk/usr/lib/ -c  yomhook.f90
/opt/homebrew/bin/gfortran -Ofast -march=native -fPIC -fallow-argument-mismatch -cpp   -L/Library/Developer/CommandLineTools/SDKs/MacOSX.sdk/usr/lib/ -c  file_manager.f90
/opt/homebrew/bin/gfortran -Ofast -march=native -fPIC -fallow-argument-mismatch -cpp   -L/Library/Developer/CommandLineTools/SDKs/MacOSX.sdk/usr/lib/ -c  vectlib_mod.f90
/opt/homebrew/bin/gfortran -Ofast -march=native -fPIC -fallow-argument-mismatch -cpp   -L/Library/Developer/CommandLineTools/SDKs/MacOSX.sdk/usr/lib/ -c  set_n_cloud_parameter.f90
/opt/homebrew/bin/gfortran -Ofast -march=native -fPIC -fallow-argument-mismatch -cpp   -L/Library/Developer/CommandLineTools/SDKs/MacOSX.sdk/usr/lib/ -c  line_search_90.f90
/opt/homebrew/bin/gfortran -Ofast -march=native -fPIC -fallow-argument-mismatch -cpp   -L/Library/Developer/CommandLineTools/SDKs/MacOSX.sdk/usr/lib/ -c  set_moist_aerosol_properties.f90
/opt/homebrew/bin/gfortran -Ofast -march=native -fPIC -fallow-argument-mismatch -cpp   -L/Library/Developer/CommandLineTools/SDKs/MacOSX.sdk/usr/lib/ -c  set_cloud_geometry.f90
/opt/homebrew/bin/gfortran -Ofast -march=native -fPIC -fallow-argument-mismatch -cpp   -L/Library/Developer/CommandLineTools/SDKs/MacOSX.sdk/usr/lib/ -c  socrates_cloud_gen.f90
/opt/homebrew/bin/gfortran -Ofast -march=native -fPIC -fallow-argument-mismatch -cpp   -L/Library/Developer/CommandLineTools/SDKs/MacOSX.sdk/usr/lib/ -c  socrates_def_diag.f90
/opt/homebrew/bin/gfortran -Ofast -march=native -fPIC -fallow-argument-mismatch -cpp   -L/Library/Developer/CommandLineTools/SDKs/MacOSX.sdk/usr/lib/ -c  input_aerosol_cdl.f
/opt/homebrew/bin/gfortran -Ofast -march=native -fPIC -fallow-argument-mismatch -cpp   -L/Library/Developer/CommandLineTools/SDKs/MacOSX.sdk/usr/lib/ -c  input_cloud_cdl.f
/opt/homebrew/bin/gfortran -Ofast -march=native -fPIC -fallow-argument-mismatch -cpp   -L/Library/Developer/CommandLineTools/SDKs/MacOSX.sdk/usr/lib/ -c  calc_cg_coeff.f90
/opt/homebrew/bin/gfortran -Ofast -march=native -fPIC -fallow-argument-mismatch -cpp   -L/Library/Developer/CommandLineTools/SDKs/MacOSX.sdk/usr/lib/ -c  monochromatic_ir_radiance.f90
/opt/homebrew/bin/gfortran -Ofast -march=native -fPIC -fallow-argument-mismatch -cpp   -L/Library/Developer/CommandLineTools/SDKs/MacOSX.sdk/usr/lib/ -c  rescale_phase_fnc.f90
/opt/homebrew/bin/gfortran -Ofast -march=native -fPIC -fallow-argument-mismatch -cpp   -L/Library/Developer/CommandLineTools/SDKs/MacOSX.sdk/usr/lib/ -c  rescale_tau_omega.f90
/opt/homebrew/bin/gfortran -Ofast -march=native -fPIC -fallow-argument-mismatch -cpp   -L/Library/Developer/CommandLineTools/SDKs/MacOSX.sdk/usr/lib/ -c  set_rad_layer.f90
/opt/homebrew/bin/gfortran -Ofast -march=native -fPIC -fallow-argument-mismatch -cpp   -L/Library/Developer/CommandLineTools/SDKs/MacOSX.sdk/usr/lib/ -c  set_truncation.f90
/opt/homebrew/bin/gfortran -Ofast -march=native -fPIC -fallow-argument-mismatch -cpp   -L/Library/Developer/CommandLineTools/SDKs/MacOSX.sdk/usr/lib/ -c  sol_scat_cos.f90
/opt/homebrew/bin/gfortran -Ofast -march=native -fPIC -fallow-argument-mismatch -cpp   -L/Library/Developer/CommandLineTools/SDKs/MacOSX.sdk/usr/lib/ -c  eigenvalue_tri.f90
/opt/homebrew/bin/gfortran -Ofast -march=native -fPIC -fallow-argument-mismatch -cpp   -L/Library/Developer/CommandLineTools/SDKs/MacOSX.sdk/usr/lib/ -c  set_level_weights.f90
/opt/homebrew/bin/gfortran -Ofast -march=native -fPIC -fallow-argument-mismatch -cpp   -L/Library/Developer/CommandLineTools/SDKs/MacOSX.sdk/usr/lib/ -c  cg_kappa_ms.f90
/opt/homebrew/bin/gfortran -Ofast -march=native -fPIC -fallow-argument-mismatch -cpp   -L/Library/Developer/CommandLineTools/SDKs/MacOSX.sdk/usr/lib/ -c  sph_matrix_solver.f90
/opt/homebrew/bin/gfortran -Ofast -march=native -fPIC -fallow-argument-mismatch -cpp   -L/Library/Developer/CommandLineTools/SDKs/MacOSX.sdk/usr/lib/ -c  band_solver.f90
/opt/homebrew/bin/gfortran -Ofast -march=native -fPIC -fallow-argument-mismatch -cpp   -L/Library/Developer/CommandLineTools/SDKs/MacOSX.sdk/usr/lib/ -c  set_matrix_pentadiagonal.f90
/opt/homebrew/bin/gfortran -Ofast -march=native -fPIC -fallow-argument-mismatch -cpp   -L/Library/Developer/CommandLineTools/SDKs/MacOSX.sdk/usr/lib/ -c  solver_homogen_direct.f90
/opt/homebrew/bin/gfortran -Ofast -march=native -fPIC -fallow-argument-mismatch -cpp   -L/Library/Developer/CommandLineTools/SDKs/MacOSX.sdk/usr/lib/ -c  solver_no_scat.f90
/opt/homebrew/bin/gfortran -Ofast -march=native -fPIC -fallow-argument-mismatch -cpp   -L/Library/Developer/CommandLineTools/SDKs/MacOSX.sdk/usr/lib/ -c  ir_source.f90
/opt/homebrew/bin/gfortran -Ofast -march=native -fPIC -fallow-argument-mismatch -cpp   -L/Library/Developer/CommandLineTools/SDKs/MacOSX.sdk/usr/lib/ -c  two_coeff_basic.f90
/opt/homebrew/bin/gfortran -Ofast -march=native -fPIC -fallow-argument-mismatch -cpp   -L/Library/Developer/CommandLineTools/SDKs/MacOSX.sdk/usr/lib/ -c  two_coeff_fast_lw.f90
/opt/homebrew/bin/gfortran -Ofast -march=native -fPIC -fallow-argument-mismatch -cpp   -L/Library/Developer/CommandLineTools/SDKs/MacOSX.sdk/usr/lib/ -c  output_photolysis_cdl.f
/opt/homebrew/bin/gfortran -Ofast -march=native -fPIC -fallow-argument-mismatch -cpp   -L/Library/Developer/CommandLineTools/SDKs/MacOSX.sdk/usr/lib/ -c  read_raw_profile.f
/opt/homebrew/bin/gfortran -Ofast -march=native -fPIC -fallow-argument-mismatch -cpp   -L/Library/Developer/CommandLineTools/SDKs/MacOSX.sdk/usr/lib/ -c  shell_sort.f90
/opt/homebrew/bin/gfortran -Ofast -march=native -fPIC -fallow-argument-mismatch -cpp   -L/Library/Developer/CommandLineTools/SDKs/MacOSX.sdk/usr/lib/ -c  write_profile.f
/opt/homebrew/bin/gfortran -Ofast -march=native -fPIC -fallow-argument-mismatch -cpp   -L/Library/Developer/CommandLineTools/SDKs/MacOSX.sdk/usr/lib/ -c  aggregate_cloud.f90
/opt/homebrew/bin/gfortran -Ofast -march=native -fPIC -fallow-argument-mismatch -cpp   -L/Library/Developer/CommandLineTools/SDKs/MacOSX.sdk/usr/lib/ -c  calc_photolysis_incr_mod.f90
/opt/homebrew/bin/gfortran -Ofast -march=native -fPIC -fallow-argument-mismatch -cpp   -L/Library/Developer/CommandLineTools/SDKs/MacOSX.sdk/usr/lib/ -c  calc_gauss_weight_90.f90
/opt/homebrew/bin/gfortran -Ofast -march=native -fPIC -fallow-argument-mismatch -cpp   -L/Library/Developer/CommandLineTools/SDKs/MacOSX.sdk/usr/lib/ -c  check_phf_term.f90
/opt/homebrew/bin/gfortran -Ofast -march=native -fPIC -fallow-argument-mismatch -cpp   -L/Library/Developer/CommandLineTools/SDKs/MacOSX.sdk/usr/lib/ -c  circumsolar_fraction.f90
/opt/homebrew/bin/gfortran -Ofast -march=native -fPIC -fallow-argument-mismatch -cpp   -L/Library/Developer/CommandLineTools/SDKs/MacOSX.sdk/usr/lib/ -c  cloud_maxcs_split.f90
/opt/homebrew/bin/gfortran -Ofast -march=native -fPIC -fallow-argument-mismatch -cpp   -L/Library/Developer/CommandLineTools/SDKs/MacOSX.sdk/usr/lib/ -c  copy_clr_sol.f90
/opt/homebrew/bin/gfortran -Ofast -march=native -fPIC -fallow-argument-mismatch -cpp   -L/Library/Developer/CommandLineTools/SDKs/MacOSX.sdk/usr/lib/ -c  gas_optical_properties.f90
/opt/homebrew/bin/gfortran -Ofast -march=native -fPIC -fallow-argument-mismatch -cpp   -L/Library/Developer/CommandLineTools/SDKs/MacOSX.sdk/usr/lib/ -c  prsc_opt_prop.f90
/opt/homebrew/bin/gfortran -Ofast -march=native -fPIC -fallow-argument-mismatch -cpp   -L/Library/Developer/CommandLineTools/SDKs/MacOSX.sdk/usr/lib/ -c  opt_prop_inhom_corr_cairns.f90
/opt/homebrew/bin/gfortran -Ofast -march=native -fPIC -fallow-argument-mismatch -cpp   -L/Library/Developer/CommandLineTools/SDKs/MacOSX.sdk/usr/lib/ -c  opt_prop_ukca_aerosol.f90
/opt/homebrew/bin/gfortran -Ofast -march=native -fPIC -fallow-argument-mismatch -cpp   -L/Library/Developer/CommandLineTools/SDKs/MacOSX.sdk/usr/lib/ -c  inter_k.f90
/opt/homebrew/bin/gfortran -Ofast -march=native -fPIC -fallow-argument-mismatch -cpp   -L/Library/Developer/CommandLineTools/SDKs/MacOSX.sdk/usr/lib/ -c  inter_pt.f90
/opt/homebrew/bin/gfortran -Ofast -march=native -fPIC -fallow-argument-mismatch -cpp   -L/Library/Developer/CommandLineTools/SDKs/MacOSX.sdk/usr/lib/ -c  inter_t_lookup.f90
/opt/homebrew/bin/gfortran -Ofast -march=native -fPIC -fallow-argument-mismatch -cpp   -L/Library/Developer/CommandLineTools/SDKs/MacOSX.sdk/usr/lib/ -c  set_n_source_coeff.f90
/opt/homebrew/bin/gfortran -Ofast -march=native -fPIC -fallow-argument-mismatch -cpp   -L/Library/Developer/CommandLineTools/SDKs/MacOSX.sdk/usr/lib/ -c  mix_app_scat.f90
/opt/homebrew/bin/gfortran -Ofast -march=native -fPIC -fallow-argument-mismatch -cpp   -L/Library/Developer/CommandLineTools/SDKs/MacOSX.sdk/usr/lib/ -c  solver_mix_direct.f90
/opt/homebrew/bin/gfortran -Ofast -march=native -fPIC -fallow-argument-mismatch -cpp   -L/Library/Developer/CommandLineTools/SDKs/MacOSX.sdk/usr/lib/ -c  solver_mix_direct_hogan.f90
/opt/homebrew/bin/gfortran -Ofast -march=native -fPIC -fallow-argument-mismatch -cpp   -L/Library/Developer/CommandLineTools/SDKs/MacOSX.sdk/usr/lib/ -c  solver_triple.f90
/opt/homebrew/bin/gfortran -Ofast -march=native -fPIC -fallow-argument-mismatch -cpp   -L/Library/Developer/CommandLineTools/SDKs/MacOSX.sdk/usr/lib/ -c  solver_triple_app_scat.f90
/opt/homebrew/bin/gfortran -Ofast -march=native -fPIC -fallow-argument-mismatch -cpp   -L/Library/Developer/CommandLineTools/SDKs/MacOSX.sdk/usr/lib/ -c  solver_triple_hogan.f90
/opt/homebrew/bin/gfortran -Ofast -march=native -fPIC -fallow-argument-mismatch -cpp   -L/Library/Developer/CommandLineTools/SDKs/MacOSX.sdk/usr/lib/ -c  two_coeff_region_fast_lw.f90
/opt/homebrew/bin/gfortran -Ofast -march=native -fPIC -fallow-argument-mismatch -cpp   -L/Library/Developer/CommandLineTools/SDKs/MacOSX.sdk/usr/lib/ -c  single_scattering.f90
/opt/homebrew/bin/gfortran -Ofast -march=native -fPIC -fallow-argument-mismatch -cpp   -L/Library/Developer/CommandLineTools/SDKs/MacOSX.sdk/usr/lib/ -c  spherical_trans_coeff.f90
/opt/homebrew/bin/gfortran -Ofast -march=native -fPIC -fallow-argument-mismatch -cpp   -L/Library/Developer/CommandLineTools/SDKs/MacOSX.sdk/usr/lib/ -c  monochromatic_gas_flux.f90
/opt/homebrew/bin/gfortran -Ofast -march=native -fPIC -fallow-argument-mismatch -cpp   -L/Library/Developer/CommandLineTools/SDKs/MacOSX.sdk/usr/lib/ -c  overlap_coupled.f90
/opt/homebrew/bin/gfortran -Ofast -march=native -fPIC -fallow-argument-mismatch -cpp   -L/Library/Developer/CommandLineTools/SDKs/MacOSX.sdk/usr/lib/ -c  scale_absorb.f90
/opt/homebrew/bin/gfortran -Ofast -march=native -fPIC -fallow-argument-mismatch -cpp   -L/Library/Developer/CommandLineTools/SDKs/MacOSX.sdk/usr/lib/ -c  set_cloud_pointer.f90
/opt/homebrew/bin/gfortran -Ofast -march=native -fPIC -fallow-argument-mismatch -cpp   -L/Library/Developer/CommandLineTools/SDKs/MacOSX.sdk/usr/lib/ -c  sum_k.f90
/opt/homebrew/bin/gfortran -Ofast -march=native -fPIC -fallow-argument-mismatch -cpp   -L/Library/Developer/CommandLineTools/SDKs/MacOSX.sdk/usr/lib/ -c  nlte_heating_mod.f90
/opt/homebrew/bin/gfortran -Ofast -march=native -fPIC -fallow-argument-mismatch -cpp   -L/Library/Developer/CommandLineTools/SDKs/MacOSX.sdk/usr/lib/ -c  sw_nlte_heating_mod.f90
/opt/homebrew/bin/gfortran -Ofast -march=native -fPIC -fallow-argument-mismatch -cpp   -L/Library/Developer/CommandLineTools/SDKs/MacOSX.sdk/usr/lib/ -c  tidy_90.f90
/opt/homebrew/bin/gfortran -Ofast -march=native -fPIC -fallow-argument-mismatch -cpp   -L/Library/Developer/CommandLineTools/SDKs/MacOSX.sdk/usr/lib/ -c  adjust_path.f90
/opt/homebrew/bin/gfortran -Ofast -march=native -fPIC -fallow-argument-mismatch -cpp   -L/Library/Developer/CommandLineTools/SDKs/MacOSX.sdk/usr/lib/ -c  read_hitran.f90
/opt/homebrew/bin/gfortran -Ofast -march=native -fPIC -fallow-argument-mismatch -cpp   -L/Library/Developer/CommandLineTools/SDKs/MacOSX.sdk/usr/lib/ -c  read_ref_pt_90.f90
/opt/homebrew/bin/gfortran -Ofast -march=native -fPIC -fallow-argument-mismatch -cpp   -L/Library/Developer/CommandLineTools/SDKs/MacOSX.sdk/usr/lib/ -c  residual_trans_90.f90
/opt/homebrew/bin/gfortran -Ofast -march=native -fPIC -fallow-argument-mismatch -cpp   -L/Library/Developer/CommandLineTools/SDKs/MacOSX.sdk/usr/lib/ -c  residual_gradient_90.f90
/opt/homebrew/bin/gfortran -Ofast -march=native -fPIC -fallow-argument-mismatch -cpp   -L/Library/Developer/CommandLineTools/SDKs/MacOSX.sdk/usr/lib/ -c  set_condition_ck_90.f90
/opt/homebrew/bin/gfortran -Ofast -march=native -fPIC -fallow-argument-mismatch -cpp   -L/Library/Developer/CommandLineTools/SDKs/MacOSX.sdk/usr/lib/ -c  cloud_fitting.f90
/opt/homebrew/bin/gfortran -Ofast -march=native -fPIC -fallow-argument-mismatch -cpp   -L/Library/Developer/CommandLineTools/SDKs/MacOSX.sdk/usr/lib/ -c  db_interp_ss_mono.f90
/opt/homebrew/bin/gfortran -Ofast -march=native -fPIC -fallow-argument-mismatch -cpp   -L/Library/Developer/CommandLineTools/SDKs/MacOSX.sdk/usr/lib/ -c  gen_null.f
/opt/homebrew/bin/gfortran -Ofast -march=native -fPIC -fallow-argument-mismatch -cpp   -L/Library/Developer/CommandLineTools/SDKs/MacOSX.sdk/usr/lib/ -c  prep_opt_profile.f
/opt/homebrew/bin/gfortran -Ofast -march=native -fPIC -fallow-argument-mismatch -cpp   -L/Library/Developer/CommandLineTools/SDKs/MacOSX.sdk/usr/lib/ -c  raw_input.f
/opt/homebrew/bin/gfortran -Ofast -march=native -fPIC -fallow-argument-mismatch -cpp   -L/Library/Developer/CommandLineTools/SDKs/MacOSX.sdk/usr/lib/ -c  input_aerosol_cdf.f
/opt/homebrew/bin/gfortran -Ofast -march=native -fPIC -fallow-argument-mismatch -cpp   -L/Library/Developer/CommandLineTools/SDKs/MacOSX.sdk/usr/lib/ -c  input_cloud_cdf.f
/opt/homebrew/bin/gfortran -Ofast -march=native -fPIC -fallow-argument-mismatch -cpp   -L/Library/Developer/CommandLineTools/SDKs/MacOSX.sdk/usr/lib/ -c  output_photolysis_cdf.f
/opt/homebrew/bin/gfortran -Ofast -march=native -fPIC -fallow-argument-mismatch -cpp   -L/Library/Developer/CommandLineTools/SDKs/MacOSX.sdk/usr/lib/ -c  cosp_config.f90
/opt/homebrew/bin/gfortran -Ofast -march=native -fPIC -fallow-argument-mismatch -cpp   -L/Library/Developer/CommandLineTools/SDKs/MacOSX.sdk/usr/lib/ -c  cosp_constants.f90
/opt/homebrew/bin/gfortran -Ofast -march=native -fPIC -fallow-argument-mismatch -cpp   -L/Library/Developer/CommandLineTools/SDKs/MacOSX.sdk/usr/lib/ -c  cosp_atlid_interface.f90
/opt/homebrew/bin/gfortran -Ofast -march=native -fPIC -fallow-argument-mismatch -cpp   -L/Library/Developer/CommandLineTools/SDKs/MacOSX.sdk/usr/lib/ -c  cosp_grLidar532_interface.f90
/opt/homebrew/bin/gfortran -Ofast -march=native -fPIC -fallow-argument-mismatch -cpp   -L/Library/Developer/CommandLineTools/SDKs/MacOSX.sdk/usr/lib/ -c  cosp_misr_interface.f90
/opt/homebrew/bin/gfortran -Ofast -march=native -fPIC -fallow-argument-mismatch -cpp   -L/Library/Developer/CommandLineTools/SDKs/MacOSX.sdk/usr/lib/ -c  cosp_parasol_interface.f90
/opt/homebrew/bin/gfortran -Ofast -march=native -fPIC -fallow-argument-mismatch -cpp   -L/Library/Developer/CommandLineTools/SDKs/MacOSX.sdk/usr/lib/ -c  cosp_rttovSTUB.f90
/opt/homebrew/bin/gfortran -Ofast -march=native -fPIC -fallow-argument-mismatch -cpp   -L/Library/Developer/CommandLineTools/SDKs/MacOSX.sdk/usr/lib/ -c  cosp_rttov_interfaceSTUB.f90
/opt/homebrew/bin/gfortran -Ofast -march=native -fPIC -fallow-argument-mismatch -cpp   -L/Library/Developer/CommandLineTools/SDKs/MacOSX.sdk/usr/lib/ -c  parasol.f90
/opt/homebrew/bin/gfortran -Ofast -march=native -fPIC -fallow-argument-mismatch -cpp   -L/Library/Developer/CommandLineTools/SDKs/MacOSX.sdk/usr/lib/ -c  math_lib.f90
/opt/homebrew/bin/gfortran -Ofast -march=native -fPIC -fallow-argument-mismatch -cpp   -L/Library/Developer/CommandLineTools/SDKs/MacOSX.sdk/usr/lib/ -c  cosp_utils.f90
/opt/homebrew/bin/gfortran -Ofast -march=native -fPIC -fallow-argument-mismatch -cpp   -L/Library/Developer/CommandLineTools/SDKs/MacOSX.sdk/usr/lib/ -c  scops.f90
/opt/homebrew/bin/gfortran -Ofast -march=native -fPIC -fallow-argument-mismatch -cpp   -L/Library/Developer/CommandLineTools/SDKs/MacOSX.sdk/usr/lib/ -c  prec_scops.f90
/opt/homebrew/bin/gfortran -Ofast -march=native -fPIC -fallow-argument-mismatch -cpp   -L/Library/Developer/CommandLineTools/SDKs/MacOSX.sdk/usr/lib/ -c  flexchem_mod.f90
/opt/homebrew/bin/gfortran -Ofast -march=native -fPIC -fallow-argument-mismatch -cpp   -L/Library/Developer/CommandLineTools/SDKs/MacOSX.sdk/usr/lib/ -c  rad_ccf.f90
/opt/homebrew/bin/gfortran -Ofast -march=native -fPIC -fallow-argument-mismatch -cpp   -L/Library/Developer/CommandLineTools/SDKs/MacOSX.sdk/usr/lib/ -c  def_aer.f90
/opt/homebrew/bin/gfortran -Ofast -march=native -fPIC -fallow-argument-mismatch -cpp   -L/Library/Developer/CommandLineTools/SDKs/MacOSX.sdk/usr/lib/ -c  def_atm.f90
/opt/homebrew/bin/gfortran -Ofast -march=native -fPIC -fallow-argument-mismatch -cpp   -L/Library/Developer/CommandLineTools/SDKs/MacOSX.sdk/usr/lib/ -c  def_bound.f90
/opt/homebrew/bin/gfortran -Ofast -march=native -fPIC -fallow-argument-mismatch -cpp   -L/Library/Developer/CommandLineTools/SDKs/MacOSX.sdk/usr/lib/ -c  def_cld.f90
/opt/homebrew/bin/gfortran -Ofast -march=native -fPIC -fallow-argument-mismatch -cpp   -L/Library/Developer/CommandLineTools/SDKs/MacOSX.sdk/usr/lib/ -c  def_control.f90
/opt/homebrew/bin/gfortran -Ofast -march=native -fPIC -fallow-argument-mismatch -cpp   -L/Library/Developer/CommandLineTools/SDKs/MacOSX.sdk/usr/lib/ -c  def_mcica.f90
/opt/homebrew/bin/gfortran -Ofast -march=native -fPIC -fallow-argument-mismatch -cpp   -L/Library/Developer/CommandLineTools/SDKs/MacOSX.sdk/usr/lib/ -c  read_spectrum.f90
/opt/homebrew/bin/gfortran -Ofast -march=native -fPIC -fallow-argument-mismatch -cpp   -L/Library/Developer/CommandLineTools/SDKs/MacOSX.sdk/usr/lib/ -c  d_planck_90.f90
/opt/homebrew/bin/gfortran -Ofast -march=native -fPIC -fallow-argument-mismatch -cpp   -L/Library/Developer/CommandLineTools/SDKs/MacOSX.sdk/usr/lib/ -c  change_block_0.f90
/opt/homebrew/bin/gfortran -Ofast -march=native -fPIC -fallow-argument-mismatch -cpp   -L/Library/Developer/CommandLineTools/SDKs/MacOSX.sdk/usr/lib/ -c  make_block_0.f90
/opt/homebrew/bin/gfortran -Ofast -march=native -fPIC -fallow-argument-mismatch -cpp   -L/Library/Developer/CommandLineTools/SDKs/MacOSX.sdk/usr/lib/ -c  make_block_1.f90
/opt/homebrew/bin/gfortran -Ofast -march=native -fPIC -fallow-argument-mismatch -cpp   -L/Library/Developer/CommandLineTools/SDKs/MacOSX.sdk/usr/lib/ -c  make_block_4.f90
/opt/homebrew/bin/gfortran -Ofast -march=native -fPIC -fallow-argument-mismatch -cpp   -L/Library/Developer/CommandLineTools/SDKs/MacOSX.sdk/usr/lib/ -c  make_block_5.f90
/opt/homebrew/bin/gfortran -Ofast -march=native -fPIC -fallow-argument-mismatch -cpp   -L/Library/Developer/CommandLineTools/SDKs/MacOSX.sdk/usr/lib/ -c  make_block_6.f90
/opt/homebrew/bin/gfortran -Ofast -march=native -fPIC -fallow-argument-mismatch -cpp   -L/Library/Developer/CommandLineTools/SDKs/MacOSX.sdk/usr/lib/ -c  make_block_8.f90
/opt/homebrew/bin/gfortran -Ofast -march=native -fPIC -fallow-argument-mismatch -cpp   -L/Library/Developer/CommandLineTools/SDKs/MacOSX.sdk/usr/lib/ -c  make_block_9.f90
/opt/homebrew/bin/gfortran -Ofast -march=native -fPIC -fallow-argument-mismatch -cpp   -L/Library/Developer/CommandLineTools/SDKs/MacOSX.sdk/usr/lib/ -c  make_block_10.f90
/opt/homebrew/bin/gfortran -Ofast -march=native -fPIC -fallow-argument-mismatch -cpp   -L/Library/Developer/CommandLineTools/SDKs/MacOSX.sdk/usr/lib/ -c  make_block_11.f90
/opt/homebrew/bin/gfortran -Ofast -march=native -fPIC -fallow-argument-mismatch -cpp   -L/Library/Developer/CommandLineTools/SDKs/MacOSX.sdk/usr/lib/ -c  make_block_12.f90
/opt/homebrew/bin/gfortran -Ofast -march=native -fPIC -fallow-argument-mismatch -cpp   -L/Library/Developer/CommandLineTools/SDKs/MacOSX.sdk/usr/lib/ -c  make_block_14.f90
/opt/homebrew/bin/gfortran -Ofast -march=native -fPIC -fallow-argument-mismatch -cpp   -L/Library/Developer/CommandLineTools/SDKs/MacOSX.sdk/usr/lib/ -c  make_block_15.f90
/opt/homebrew/bin/gfortran -Ofast -march=native -fPIC -fallow-argument-mismatch -cpp   -L/Library/Developer/CommandLineTools/SDKs/MacOSX.sdk/usr/lib/ -c  make_block_18.f90
/opt/homebrew/bin/gfortran -Ofast -march=native -fPIC -fallow-argument-mismatch -cpp   -L/Library/Developer/CommandLineTools/SDKs/MacOSX.sdk/usr/lib/ -c  make_block_19.f90
/opt/homebrew/bin/gfortran -Ofast -march=native -fPIC -fallow-argument-mismatch -cpp   -L/Library/Developer/CommandLineTools/SDKs/MacOSX.sdk/usr/lib/ -c  make_block_20.f90
/opt/homebrew/bin/gfortran -Ofast -march=native -fPIC -fallow-argument-mismatch -cpp   -L/Library/Developer/CommandLineTools/SDKs/MacOSX.sdk/usr/lib/ -c  out_spectrum.f90
/opt/homebrew/bin/gfortran -Ofast -march=native -fPIC -fallow-argument-mismatch -cpp   -L/Library/Developer/CommandLineTools/SDKs/MacOSX.sdk/usr/lib/ -c  planck_90.f90
/opt/homebrew/bin/gfortran -Ofast -march=native -fPIC -fallow-argument-mismatch -cpp   -L/Library/Developer/CommandLineTools/SDKs/MacOSX.sdk/usr/lib/ -c  rayleigh_scatter.f90
/opt/homebrew/bin/gfortran -Ofast -march=native -fPIC -fallow-argument-mismatch -cpp   -L/Library/Developer/CommandLineTools/SDKs/MacOSX.sdk/usr/lib/ -c  rayleigh_scatter_h2he.f90
/opt/homebrew/bin/gfortran -Ofast -march=native -fPIC -fallow-argument-mismatch -cpp   -L/Library/Developer/CommandLineTools/SDKs/MacOSX.sdk/usr/lib/ -c  make_block_6_1.f
/opt/homebrew/bin/gfortran -Ofast -march=native -fPIC -fallow-argument-mismatch -cpp   -L/Library/Developer/CommandLineTools/SDKs/MacOSX.sdk/usr/lib/ -c  make_block_6_2.f
/opt/homebrew/bin/gfortran -Ofast -march=native -fPIC -fallow-argument-mismatch -cpp   -L/Library/Developer/CommandLineTools/SDKs/MacOSX.sdk/usr/lib/ -c  planck.f
/opt/homebrew/bin/gfortran -Ofast -march=native -fPIC -fallow-argument-mismatch -cpp   -L/Library/Developer/CommandLineTools/SDKs/MacOSX.sdk/usr/lib/ -c  rayleigh_scatter_air.f
/opt/homebrew/bin/gfortran -Ofast -march=native -fPIC -fallow-argument-mismatch -cpp   -L/Library/Developer/CommandLineTools/SDKs/MacOSX.sdk/usr/lib/ -c  astro_constants_mod.f90
/opt/homebrew/bin/gfortran -Ofast -march=native -fPIC -fallow-argument-mismatch -cpp   -L/Library/Developer/CommandLineTools/SDKs/MacOSX.sdk/usr/lib/ -c  qsat_wat.f90
/opt/homebrew/bin/gfortran -Ofast -march=native -fPIC -fallow-argument-mismatch -cpp   -L/Library/Developer/CommandLineTools/SDKs/MacOSX.sdk/usr/lib/ -c  planck_flux_band_mod.f90
/opt/homebrew/bin/gfortran -Ofast -march=native -fPIC -fallow-argument-mismatch -cpp   -L/Library/Developer/CommandLineTools/SDKs/MacOSX.sdk/usr/lib/ -c  socrates_cloud_ext_diag.f90
/opt/homebrew/bin/gfortran -Ofast -march=native -fPIC -fallow-argument-mismatch -cpp   -L/Library/Developer/CommandLineTools/SDKs/MacOSX.sdk/usr/lib/ -c  socrates_cloud_level_diag.f90
/opt/homebrew/bin/gfortran -Ofast -march=native -fPIC -fallow-argument-mismatch -cpp   -L/Library/Developer/CommandLineTools/SDKs/MacOSX.sdk/usr/lib/ -c  socrates_horizon_1d.f90
/opt/homebrew/bin/gfortran -Ofast -march=native -fPIC -fallow-argument-mismatch -cpp   -L/Library/Developer/CommandLineTools/SDKs/MacOSX.sdk/usr/lib/ -c  solang_mod.f90
/opt/homebrew/bin/gfortran -Ofast -march=native -fPIC -fallow-argument-mismatch -cpp   -L/Library/Developer/CommandLineTools/SDKs/MacOSX.sdk/usr/lib/ -c  solinc_mod.f90
/opt/homebrew/bin/gfortran -Ofast -march=native -fPIC -fallow-argument-mismatch -cpp   -L/Library/Developer/CommandLineTools/SDKs/MacOSX.sdk/usr/lib/ -c  socrates_set_aer.f90
/opt/homebrew/bin/gfortran -Ofast -march=native -fPIC -fallow-argument-mismatch -cpp   -L/Library/Developer/CommandLineTools/SDKs/MacOSX.sdk/usr/lib/ -c  socrates_set_atm.f90
/opt/homebrew/bin/gfortran -Ofast -march=native -fPIC -fallow-argument-mismatch -cpp   -L/Library/Developer/CommandLineTools/SDKs/MacOSX.sdk/usr/lib/ -c  socrates_set_bound.f90
/opt/homebrew/bin/gfortran -Ofast -march=native -fPIC -fallow-argument-mismatch -cpp   -L/Library/Developer/CommandLineTools/SDKs/MacOSX.sdk/usr/lib/ -c  socrates_set_cld.f90
/opt/homebrew/bin/gfortran -Ofast -march=native -fPIC -fallow-argument-mismatch -cpp   -L/Library/Developer/CommandLineTools/SDKs/MacOSX.sdk/usr/lib/ -c  socrates_set_cld_dim.f90
/opt/homebrew/bin/gfortran -Ofast -march=native -fPIC -fallow-argument-mismatch -cpp   -L/Library/Developer/CommandLineTools/SDKs/MacOSX.sdk/usr/lib/ -c  socrates_set_cld_mcica.f90
/opt/homebrew/bin/gfortran -Ofast -march=native -fPIC -fallow-argument-mismatch -cpp   -L/Library/Developer/CommandLineTools/SDKs/MacOSX.sdk/usr/lib/ -c  map_sub_bands_mod.f90
/opt/homebrew/bin/gfortran -Ofast -march=native -fPIC -fallow-argument-mismatch -cpp   -L/Library/Developer/CommandLineTools/SDKs/MacOSX.sdk/usr/lib/ -c  socrates_set_dimen.f90
/opt/homebrew/bin/gfortran -Ofast -march=native -fPIC -fallow-argument-mismatch -cpp   -L/Library/Developer/CommandLineTools/SDKs/MacOSX.sdk/usr/lib/ -c  socrates_bones.f90
/opt/homebrew/bin/gfortran -Ofast -march=native -fPIC -fallow-argument-mismatch -cpp   -L/Library/Developer/CommandLineTools/SDKs/MacOSX.sdk/usr/lib/ -c  angular_control.f
/opt/homebrew/bin/gfortran -Ofast -march=native -fPIC -fallow-argument-mismatch -cpp   -L/Library/Developer/CommandLineTools/SDKs/MacOSX.sdk/usr/lib/ -c  assign_viewing_geom_cdl.f
/opt/homebrew/bin/gfortran -Ofast -march=native -fPIC -fallow-argument-mismatch -cpp   -L/Library/Developer/CommandLineTools/SDKs/MacOSX.sdk/usr/lib/ -c  fnc_density.f
/opt/homebrew/bin/gfortran -Ofast -march=native -fPIC -fallow-argument-mismatch -cpp   -L/Library/Developer/CommandLineTools/SDKs/MacOSX.sdk/usr/lib/ -c  eval_uplm.f90
/opt/homebrew/bin/gfortran -Ofast -march=native -fPIC -fallow-argument-mismatch -cpp   -L/Library/Developer/CommandLineTools/SDKs/MacOSX.sdk/usr/lib/ -c  calc_uplm_sol.f90
/opt/homebrew/bin/gfortran -Ofast -march=native -fPIC -fallow-argument-mismatch -cpp   -L/Library/Developer/CommandLineTools/SDKs/MacOSX.sdk/usr/lib/ -c  calc_uplm_zero.f90
/opt/homebrew/bin/gfortran -Ofast -march=native -fPIC -fallow-argument-mismatch -cpp   -L/Library/Developer/CommandLineTools/SDKs/MacOSX.sdk/usr/lib/ -c  gauss_angle.f90
/opt/homebrew/bin/gfortran -Ofast -march=native -fPIC -fallow-argument-mismatch -cpp   -L/Library/Developer/CommandLineTools/SDKs/MacOSX.sdk/usr/lib/ -c  calc_surf_rad.f90
/opt/homebrew/bin/gfortran -Ofast -march=native -fPIC -fallow-argument-mismatch -cpp   -L/Library/Developer/CommandLineTools/SDKs/MacOSX.sdk/usr/lib/ -c  calc_top_rad.f90
/opt/homebrew/bin/gfortran -Ofast -march=native -fPIC -fallow-argument-mismatch -cpp   -L/Library/Developer/CommandLineTools/SDKs/MacOSX.sdk/usr/lib/ -c  eig_sys.f90
/opt/homebrew/bin/gfortran -Ofast -march=native -fPIC -fallow-argument-mismatch -cpp   -L/Library/Developer/CommandLineTools/SDKs/MacOSX.sdk/usr/lib/ -c  layer_part_integ.f90
/opt/homebrew/bin/gfortran -Ofast -march=native -fPIC -fallow-argument-mismatch -cpp   -L/Library/Developer/CommandLineTools/SDKs/MacOSX.sdk/usr/lib/ -c  set_dirn_weights.f90
/opt/homebrew/bin/gfortran -Ofast -march=native -fPIC -fallow-argument-mismatch -cpp   -L/Library/Developer/CommandLineTools/SDKs/MacOSX.sdk/usr/lib/ -c  hemi_sph_integ.f90
/opt/homebrew/bin/gfortran -Ofast -march=native -fPIC -fallow-argument-mismatch -cpp   -L/Library/Developer/CommandLineTools/SDKs/MacOSX.sdk/usr/lib/ -c  increment_rad_cf.f90
/opt/homebrew/bin/gfortran -Ofast -march=native -fPIC -fallow-argument-mismatch -cpp   -L/Library/Developer/CommandLineTools/SDKs/MacOSX.sdk/usr/lib/ -c  single_scat_sol.f90
/opt/homebrew/bin/gfortran -Ofast -march=native -fPIC -fallow-argument-mismatch -cpp   -L/Library/Developer/CommandLineTools/SDKs/MacOSX.sdk/usr/lib/ -c  solar_source.f90
/opt/homebrew/bin/gfortran -Ofast -march=native -fPIC -fallow-argument-mismatch -cpp   -L/Library/Developer/CommandLineTools/SDKs/MacOSX.sdk/usr/lib/ -c  spherical_solar_source.f90
/opt/homebrew/bin/gfortran -Ofast -march=native -fPIC -fallow-argument-mismatch -cpp   -L/Library/Developer/CommandLineTools/SDKs/MacOSX.sdk/usr/lib/ -c  solar_coefficient_basic.f90
/opt/homebrew/bin/gfortran -Ofast -march=native -fPIC -fallow-argument-mismatch -cpp   -L/Library/Developer/CommandLineTools/SDKs/MacOSX.sdk/usr/lib/ -c  trans_source_coeff.f90
/opt/homebrew/bin/gfortran -Ofast -march=native -fPIC -fallow-argument-mismatch -cpp   -L/Library/Developer/CommandLineTools/SDKs/MacOSX.sdk/usr/lib/ -c  output_flux_cdl.f
/opt/homebrew/bin/gfortran -Ofast -march=native -fPIC -fallow-argument-mismatch -cpp   -L/Library/Developer/CommandLineTools/SDKs/MacOSX.sdk/usr/lib/ -c  output_radiance_cdl.f
/opt/homebrew/bin/gfortran -Ofast -march=native -fPIC -fallow-argument-mismatch -cpp   -L/Library/Developer/CommandLineTools/SDKs/MacOSX.sdk/usr/lib/ -c  planck_ss_source.f
/opt/homebrew/bin/gfortran -Ofast -march=native -fPIC -fallow-argument-mismatch -cpp   -L/Library/Developer/CommandLineTools/SDKs/MacOSX.sdk/usr/lib/ -c  sort_raw_profile.f
/opt/homebrew/bin/gfortran -Ofast -march=native -fPIC -fallow-argument-mismatch -cpp   -L/Library/Developer/CommandLineTools/SDKs/MacOSX.sdk/usr/lib/ -c  finalise_photol_incr_mod.f90
/opt/homebrew/bin/gfortran -Ofast -march=native -fPIC -fallow-argument-mismatch -cpp   -L/Library/Developer/CommandLineTools/SDKs/MacOSX.sdk/usr/lib/ -c  calc_actinic_flux_mod.f90
/opt/homebrew/bin/gfortran -Ofast -march=native -fPIC -fallow-argument-mismatch -cpp   -L/Library/Developer/CommandLineTools/SDKs/MacOSX.sdk/usr/lib/ -c  calc_contrib_func.f90
/opt/homebrew/bin/gfortran -Ofast -march=native -fPIC -fallow-argument-mismatch -cpp   -L/Library/Developer/CommandLineTools/SDKs/MacOSX.sdk/usr/lib/ -c  copy_clr_full.f90
/opt/homebrew/bin/gfortran -Ofast -march=native -fPIC -fallow-argument-mismatch -cpp   -L/Library/Developer/CommandLineTools/SDKs/MacOSX.sdk/usr/lib/ -c  diff_albedo_basis.f90
/opt/homebrew/bin/gfortran -Ofast -march=native -fPIC -fallow-argument-mismatch -cpp   -L/Library/Developer/CommandLineTools/SDKs/MacOSX.sdk/usr/lib/ -c  diff_planck_source_mod.f90
/opt/homebrew/bin/gfortran -Ofast -march=native -fPIC -fallow-argument-mismatch -cpp   -L/Library/Developer/CommandLineTools/SDKs/MacOSX.sdk/usr/lib/ -c  opt_prop_aerosol.f90
/opt/homebrew/bin/gfortran -Ofast -march=native -fPIC -fallow-argument-mismatch -cpp   -L/Library/Developer/CommandLineTools/SDKs/MacOSX.sdk/usr/lib/ -c  opt_prop_ice_cloud.f90
/opt/homebrew/bin/gfortran -Ofast -march=native -fPIC -fallow-argument-mismatch -cpp   -L/Library/Developer/CommandLineTools/SDKs/MacOSX.sdk/usr/lib/ -c  opt_prop_water_cloud.f90
/opt/homebrew/bin/gfortran -Ofast -march=native -fPIC -fallow-argument-mismatch -cpp   -L/Library/Developer/CommandLineTools/SDKs/MacOSX.sdk/usr/lib/ -c  inter_pt_lookup.f90
/opt/homebrew/bin/gfortran -Ofast -march=native -fPIC -fallow-argument-mismatch -cpp   -L/Library/Developer/CommandLineTools/SDKs/MacOSX.sdk/usr/lib/ -c  mixed_solar_source.f90
/opt/homebrew/bin/gfortran -Ofast -march=native -fPIC -fallow-argument-mismatch -cpp   -L/Library/Developer/CommandLineTools/SDKs/MacOSX.sdk/usr/lib/ -c  triple_solar_source.f90
/opt/homebrew/bin/gfortran -Ofast -march=native -fPIC -fallow-argument-mismatch -cpp   -L/Library/Developer/CommandLineTools/SDKs/MacOSX.sdk/usr/lib/ -c  single_scattering_all.f90
/opt/homebrew/bin/gfortran -Ofast -march=native -fPIC -fallow-argument-mismatch -cpp   -L/Library/Developer/CommandLineTools/SDKs/MacOSX.sdk/usr/lib/ -c  rescale_continuum.f90
/opt/homebrew/bin/gfortran -Ofast -march=native -fPIC -fallow-argument-mismatch -cpp   -L/Library/Developer/CommandLineTools/SDKs/MacOSX.sdk/usr/lib/ -c  ses_rescale_contm.f90
/opt/homebrew/bin/gfortran -Ofast -march=native -fPIC -fallow-argument-mismatch -cpp   -L/Library/Developer/CommandLineTools/SDKs/MacOSX.sdk/usr/lib/ -c  spherical_path.f90
/opt/homebrew/bin/gfortran -Ofast -march=native -fPIC -fallow-argument-mismatch -cpp   -L/Library/Developer/CommandLineTools/SDKs/MacOSX.sdk/usr/lib/ -c  h2o_continuum.f90
/opt/homebrew/bin/gfortran -Ofast -march=native -fPIC -fallow-argument-mismatch -cpp   -L/Library/Developer/CommandLineTools/SDKs/MacOSX.sdk/usr/lib/ -c  tune_weights.f90
/opt/homebrew/bin/gfortran -Ofast -march=native -fPIC -fallow-argument-mismatch -cpp   -L/Library/Developer/CommandLineTools/SDKs/MacOSX.sdk/usr/lib/ -c  icedb2bin.f90
/opt/homebrew/bin/gfortran -Ofast -march=native -fPIC -fallow-argument-mismatch -cpp   -L/Library/Developer/CommandLineTools/SDKs/MacOSX.sdk/usr/lib/ -c  adt_mitchell96.f90
/opt/homebrew/bin/gfortran -Ofast -march=native -fPIC -fallow-argument-mismatch -cpp   -L/Library/Developer/CommandLineTools/SDKs/MacOSX.sdk/usr/lib/ -c  cloud_fit_90.f90
/opt/homebrew/bin/gfortran -Ofast -march=native -fPIC -fallow-argument-mismatch -cpp   -L/Library/Developer/CommandLineTools/SDKs/MacOSX.sdk/usr/lib/ -c  conjugate_gradient_cloud_90.f90
/opt/homebrew/bin/gfortran -Ofast -march=native -fPIC -fallow-argument-mismatch -cpp   -L/Library/Developer/CommandLineTools/SDKs/MacOSX.sdk/usr/lib/ -c  db_read_single_wavelength.f90
/opt/homebrew/bin/gfortran -Ofast -march=native -fPIC -fallow-argument-mismatch -cpp   -L/Library/Developer/CommandLineTools/SDKs/MacOSX.sdk/usr/lib/ -c  db_scatter_integral.f90
/opt/homebrew/bin/gfortran -Ofast -march=native -fPIC -fallow-argument-mismatch -cpp   -L/Library/Developer/CommandLineTools/SDKs/MacOSX.sdk/usr/lib/ -c  line_search_cloud_90.f90
/opt/homebrew/bin/gfortran -Ofast -march=native -fPIC -fallow-argument-mismatch -cpp   -L/Library/Developer/CommandLineTools/SDKs/MacOSX.sdk/usr/lib/ -c  number_particle_90.f90
/opt/homebrew/bin/gfortran -Ofast -march=native -fPIC -fallow-argument-mismatch -cpp   -L/Library/Developer/CommandLineTools/SDKs/MacOSX.sdk/usr/lib/ -c  proj_area_particle.f90
/opt/homebrew/bin/gfortran -Ofast -march=native -fPIC -fallow-argument-mismatch -cpp   -L/Library/Developer/CommandLineTools/SDKs/MacOSX.sdk/usr/lib/ -c  scatter_integral_90.f90
/opt/homebrew/bin/gfortran -Ofast -march=native -fPIC -fallow-argument-mismatch -cpp   -L/Library/Developer/CommandLineTools/SDKs/MacOSX.sdk/usr/lib/ -c  size_integral_90.f90
/opt/homebrew/bin/gfortran -Ofast -march=native -fPIC -fallow-argument-mismatch -cpp   -L/Library/Developer/CommandLineTools/SDKs/MacOSX.sdk/usr/lib/ -c  volume_particle.f90
/opt/homebrew/bin/gfortran -Ofast -march=native -fPIC -fallow-argument-mismatch -cpp   -L/Library/Developer/CommandLineTools/SDKs/MacOSX.sdk/usr/lib/ -c  ice_scatter.f90
/opt/homebrew/bin/gfortran -Ofast -march=native -fPIC -fallow-argument-mismatch -cpp   -L/Library/Developer/CommandLineTools/SDKs/MacOSX.sdk/usr/lib/ -c  scatter_90.f90
/opt/homebrew/bin/gfortran -Ofast -march=native -fPIC -fallow-argument-mismatch -cpp   -L/Library/Developer/CommandLineTools/SDKs/MacOSX.sdk/usr/lib/ -c  reduce_casim_ice.f90
/opt/homebrew/bin/gfortran -Ofast -march=native -fPIC -fallow-argument-mismatch -cpp   -L/Library/Developer/CommandLineTools/SDKs/MacOSX.sdk/usr/lib/ -c  run_mono.f
/opt/homebrew/bin/gfortran -Ofast -march=native -fPIC -fallow-argument-mismatch -cpp   -L/Library/Developer/CommandLineTools/SDKs/MacOSX.sdk/usr/lib/ -c  assign_subcols.f90
/opt/homebrew/bin/gfortran -Ofast -march=native -fPIC -fallow-argument-mismatch -cpp   -L/Library/Developer/CommandLineTools/SDKs/MacOSX.sdk/usr/lib/ -c  dentomix.f
/opt/homebrew/bin/gfortran -Ofast -march=native -fPIC -fallow-argument-mismatch -cpp   -L/Library/Developer/CommandLineTools/SDKs/MacOSX.sdk/usr/lib/ -c  dentoq.f
/opt/homebrew/bin/gfortran -Ofast -march=native -fPIC -fallow-argument-mismatch -cpp   -L/Library/Developer/CommandLineTools/SDKs/MacOSX.sdk/usr/lib/ -c  ice_size.f90
/opt/homebrew/bin/gfortran -Ofast -march=native -fPIC -fallow-argument-mismatch -cpp   -L/Library/Developer/CommandLineTools/SDKs/MacOSX.sdk/usr/lib/ -c  nettohr.f
/opt/homebrew/bin/gfortran -Ofast -march=native -fPIC -fallow-argument-mismatch -cpp   -L/Library/Developer/CommandLineTools/SDKs/MacOSX.sdk/usr/lib/ -c  vert_int.f
/opt/homebrew/bin/gfortran -Ofast -march=native -fPIC -fallow-argument-mismatch -cpp   -L/Library/Developer/CommandLineTools/SDKs/MacOSX.sdk/usr/lib/ -c  angular_control_cdf.f
/opt/homebrew/bin/gfortran -Ofast -march=native -fPIC -fallow-argument-mismatch -cpp   -L/Library/Developer/CommandLineTools/SDKs/MacOSX.sdk/usr/lib/ -c  assign_viewing_geom_cdf.f
/opt/homebrew/bin/gfortran -Ofast -march=native -fPIC -fallow-argument-mismatch -cpp   -L/Library/Developer/CommandLineTools/SDKs/MacOSX.sdk/usr/lib/ -c  output_flux_cdf.f
/opt/homebrew/bin/gfortran -Ofast -march=native -fPIC -fallow-argument-mismatch -cpp   -L/Library/Developer/CommandLineTools/SDKs/MacOSX.sdk/usr/lib/ -c  output_radiance_cdf.f
/opt/homebrew/bin/gfortran -Ofast -march=native -fPIC -fallow-argument-mismatch -cpp   -L/Library/Developer/CommandLineTools/SDKs/MacOSX.sdk/usr/lib/ -c  dentomix_cdf.f
/opt/homebrew/bin/gfortran -Ofast -march=native -fPIC -fallow-argument-mismatch -cpp   -L/Library/Developer/CommandLineTools/SDKs/MacOSX.sdk/usr/lib/ -c  cosp_stats.f90
/opt/homebrew/bin/gfortran -Ofast -march=native -fPIC -fallow-argument-mismatch -cpp   -L/Library/Developer/CommandLineTools/SDKs/MacOSX.sdk/usr/lib/ -c  flexchem_input_mod.f90
/opt/homebrew/bin/gfortran -Ofast -march=native -fPIC -fallow-argument-mismatch -cpp   -L/Library/Developer/CommandLineTools/SDKs/MacOSX.sdk/usr/lib/ -c  flexchem_kinetics_mod.f90
/opt/homebrew/bin/gfortran -Ofast -march=native -fPIC -fallow-argument-mismatch -cpp   -L/Library/Developer/CommandLineTools/SDKs/MacOSX.sdk/usr/lib/ -c  flexchem_test_mod.f90
/opt/homebrew/bin/gfortran -Ofast -march=native -fPIC -fallow-argument-mismatch -cpp   -L/Library/Developer/CommandLineTools/SDKs/MacOSX.sdk/usr/lib/ -c  def_solarspec.f90
/opt/homebrew/bin/gfortran -Ofast -march=native -fPIC -fallow-argument-mismatch -cpp   -L/Library/Developer/CommandLineTools/SDKs/MacOSX.sdk/usr/lib/ -c  def_out.f90
/opt/homebrew/bin/gfortran -Ofast -march=native -fPIC -fallow-argument-mismatch -cpp   -L/Library/Developer/CommandLineTools/SDKs/MacOSX.sdk/usr/lib/ -c  make_block_2.f90
/opt/homebrew/bin/gfortran -Ofast -march=native -fPIC -fallow-argument-mismatch -cpp   -L/Library/Developer/CommandLineTools/SDKs/MacOSX.sdk/usr/lib/ -c  make_block_2_1.f90
/opt/homebrew/bin/gfortran -Ofast -march=native -fPIC -fallow-argument-mismatch -cpp   -L/Library/Developer/CommandLineTools/SDKs/MacOSX.sdk/usr/lib/ -c  make_block_3.f90
/opt/homebrew/bin/gfortran -Ofast -march=native -fPIC -fallow-argument-mismatch -cpp   -L/Library/Developer/CommandLineTools/SDKs/MacOSX.sdk/usr/lib/ -c  make_block_3_1.f90
/opt/homebrew/bin/gfortran -Ofast -march=native -fPIC -fallow-argument-mismatch -cpp   -L/Library/Developer/CommandLineTools/SDKs/MacOSX.sdk/usr/lib/ -c  -I/opt/homebrew/Cellar/netcdf-fortran/4.6.1_1/include -I/opt/homebrew/Cellar/netcdf-fortran/4.6.1_1/include -I/opt/homebrew/Cellar/netcdf-fortran/4.6.1_1/include  make_block_17.f90
/opt/homebrew/bin/gfortran -Ofast -march=native -fPIC -fallow-argument-mismatch -cpp   -L/Library/Developer/CommandLineTools/SDKs/MacOSX.sdk/usr/lib/ -c  rad_weight_90.f90
/opt/homebrew/bin/gfortran -Ofast -march=native -fPIC -fallow-argument-mismatch -cpp   -L/Library/Developer/CommandLineTools/SDKs/MacOSX.sdk/usr/lib/ -c  rayleigh_jeans_tail.f90
/opt/homebrew/bin/gfortran -Ofast -march=native -fPIC -fallow-argument-mismatch -cpp   -L/Library/Developer/CommandLineTools/SDKs/MacOSX.sdk/usr/lib/ -c  read_solar_spectrum.f90
/opt/homebrew/bin/gfortran -Ofast -march=native -fPIC -fallow-argument-mismatch -cpp   -L/Library/Developer/CommandLineTools/SDKs/MacOSX.sdk/usr/lib/ -c  solar_intensity.f90
/opt/homebrew/bin/gfortran -Ofast -march=native -fPIC -fallow-argument-mismatch -cpp   -L/Library/Developer/CommandLineTools/SDKs/MacOSX.sdk/usr/lib/ -c  solar_intensity_90.f90
/opt/homebrew/bin/gfortran -Ofast -march=native -fPIC -fallow-argument-mismatch -cpp   -L/Library/Developer/CommandLineTools/SDKs/MacOSX.sdk/usr/lib/ -c  write_solar_spectrum.f90
/opt/homebrew/bin/gfortran -Ofast -march=native -fPIC -fallow-argument-mismatch -cpp   -L/Library/Developer/CommandLineTools/SDKs/MacOSX.sdk/usr/lib/ -c  orbprm_mod.f90
/opt/homebrew/bin/gfortran -Ofast -march=native -fPIC -fallow-argument-mismatch -cpp   -L/Library/Developer/CommandLineTools/SDKs/MacOSX.sdk/usr/lib/ -c  socrates_cloud_abs_diag.f90
/opt/homebrew/bin/gfortran -Ofast -march=native -fPIC -fallow-argument-mismatch -cpp   -L/Library/Developer/CommandLineTools/SDKs/MacOSX.sdk/usr/lib/ -c  socrates_horizon_2d.f90
/opt/homebrew/bin/gfortran -Ofast -march=native -fPIC -fallow-argument-mismatch -cpp   -L/Library/Developer/CommandLineTools/SDKs/MacOSX.sdk/usr/lib/ -c  solpos_mod.f90
/opt/homebrew/bin/gfortran -Ofast -march=native -fPIC -fallow-argument-mismatch -cpp   -L/Library/Developer/CommandLineTools/SDKs/MacOSX.sdk/usr/lib/ -c  socrates_set_spectrum.f90
/opt/homebrew/bin/gfortran -Ofast -march=native -fPIC -fallow-argument-mismatch -cpp   -L/Library/Developer/CommandLineTools/SDKs/MacOSX.sdk/usr/lib/ -c  socrates_set_diag.f90
/opt/homebrew/bin/gfortran -Ofast -march=native -fPIC -fallow-argument-mismatch -cpp   -L/Library/Developer/CommandLineTools/SDKs/MacOSX.sdk/usr/lib/ -c  calc_brdf.f90
/opt/homebrew/bin/gfortran -Ofast -march=native -fPIC -fallow-argument-mismatch -cpp   -L/Library/Developer/CommandLineTools/SDKs/MacOSX.sdk/usr/lib/ -c  build_sph_matrix.f90
/opt/homebrew/bin/gfortran -Ofast -march=native -fPIC -fallow-argument-mismatch -cpp   -L/Library/Developer/CommandLineTools/SDKs/MacOSX.sdk/usr/lib/ -c  column_solver.f90
/opt/homebrew/bin/gfortran -Ofast -march=native -fPIC -fallow-argument-mismatch -cpp   -L/Library/Developer/CommandLineTools/SDKs/MacOSX.sdk/usr/lib/ -c  two_coeff.f90
/opt/homebrew/bin/gfortran -Ofast -march=native -fPIC -fallow-argument-mismatch -cpp   -L/Library/Developer/CommandLineTools/SDKs/MacOSX.sdk/usr/lib/ -c  adjust_ir_radiance.f90
/opt/homebrew/bin/gfortran -Ofast -march=native -fPIC -fallow-argument-mismatch -cpp   -L/Library/Developer/CommandLineTools/SDKs/MacOSX.sdk/usr/lib/ -c  augment_channel_mod.f90
/opt/homebrew/bin/gfortran -Ofast -march=native -fPIC -fallow-argument-mismatch -cpp   -L/Library/Developer/CommandLineTools/SDKs/MacOSX.sdk/usr/lib/ -c  augment_tiled_radiance.f90
/opt/homebrew/bin/gfortran -Ofast -march=native -fPIC -fallow-argument-mismatch -cpp   -L/Library/Developer/CommandLineTools/SDKs/MacOSX.sdk/usr/lib/ -c  grey_opt_prop.f90
/opt/homebrew/bin/gfortran -Ofast -march=native -fPIC -fallow-argument-mismatch -cpp   -L/Library/Developer/CommandLineTools/SDKs/MacOSX.sdk/usr/lib/ -c  mcica_column.f90
/opt/homebrew/bin/gfortran -Ofast -march=native -fPIC -fallow-argument-mismatch -cpp   -L/Library/Developer/CommandLineTools/SDKs/MacOSX.sdk/usr/lib/ -c  two_coeff_cloud.f90
/opt/homebrew/bin/gfortran -Ofast -march=native -fPIC -fallow-argument-mismatch -cpp   -L/Library/Developer/CommandLineTools/SDKs/MacOSX.sdk/usr/lib/ -c  two_coeff_region.f90
/opt/homebrew/bin/gfortran -Ofast -march=native -fPIC -fallow-argument-mismatch -cpp   -L/Library/Developer/CommandLineTools/SDKs/MacOSX.sdk/usr/lib/ -c  corr_k.f90
/opt/homebrew/bin/gfortran -Ofast -march=native -fPIC -fallow-argument-mismatch -cpp   -L/Library/Developer/CommandLineTools/SDKs/MacOSX.sdk/usr/lib/ -c  -fopenmp  -I/opt/homebrew/Cellar/netcdf-fortran/4.6.1_1/include -I/opt/homebrew/Cellar/netcdf-fortran/4.6.1_1/include -I/opt/homebrew/Cellar/netcdf-fortran/4.6.1_1/include  corr_k_single.f90
/opt/homebrew/bin/gfortran -Ofast -march=native -fPIC -fallow-argument-mismatch -cpp   -L/Library/Developer/CommandLineTools/SDKs/MacOSX.sdk/usr/lib/ -c  select_weight_ck_90.f90
/opt/homebrew/bin/gfortran -Ofast -march=native -fPIC -fallow-argument-mismatch -cpp   -L/Library/Developer/CommandLineTools/SDKs/MacOSX.sdk/usr/lib/ -c  select_weight_scatter_90.f90
/opt/homebrew/bin/gfortran -Ofast -march=native -fPIC -fallow-argument-mismatch -cpp   -L/Library/Developer/CommandLineTools/SDKs/MacOSX.sdk/usr/lib/ -c  weightings_90.f90
/opt/homebrew/bin/gfortran -Ofast -march=native -fPIC -fallow-argument-mismatch -cpp   -L/Library/Developer/CommandLineTools/SDKs/MacOSX.sdk/usr/lib/ -c  weightings_single_90.f90
/opt/homebrew/bin/gfortran -Ofast -march=native -fPIC -fallow-argument-mismatch -cpp   -L/Library/Developer/CommandLineTools/SDKs/MacOSX.sdk/usr/lib/ -c  scatter_average_90.f90
/opt/homebrew/bin/gfortran -Ofast -march=native -fPIC -fallow-argument-mismatch -cpp   -L/Library/Developer/CommandLineTools/SDKs/MacOSX.sdk/usr/lib/ -c  l_run_cdl.f90
/opt/homebrew/bin/gfortran -Ofast -march=native -fPIC -fallow-argument-mismatch -cpp   -L/Library/Developer/CommandLineTools/SDKs/MacOSX.sdk/usr/lib/ -c  phoenix2sol.f90
/opt/homebrew/bin/gfortran -Ofast -march=native -fPIC -fallow-argument-mismatch -cpp   -L/Library/Developer/CommandLineTools/SDKs/MacOSX.sdk/usr/lib/ -c  -I/opt/homebrew/Cellar/netcdf-fortran/4.6.1_1/include -I/opt/homebrew/Cellar/netcdf-fortran/4.6.1_1/include -I/opt/homebrew/Cellar/netcdf-fortran/4.6.1_1/include  l_run_cdf.f90
/opt/homebrew/bin/gfortran -Ofast -march=native -fPIC -fallow-argument-mismatch -cpp   -L/Library/Developer/CommandLineTools/SDKs/MacOSX.sdk/usr/lib/ -c  -I/opt/homebrew/Cellar/netcdf-fortran/4.6.1_1/include -I/opt/homebrew/Cellar/netcdf-fortran/4.6.1_1/include -I/opt/homebrew/Cellar/netcdf-fortran/4.6.1_1/include  calc_horizon_angles.f90
/opt/homebrew/bin/gfortran -Ofast -march=native -fPIC -fallow-argument-mismatch -cpp   -L/Library/Developer/CommandLineTools/SDKs/MacOSX.sdk/usr/lib/ -c  MISR_simulator.f90
/opt/homebrew/bin/gfortran -Ofast -march=native -fPIC -fallow-argument-mismatch -cpp   -L/Library/Developer/CommandLineTools/SDKs/MacOSX.sdk/usr/lib/ -c  lidar_simulator.f90
/opt/homebrew/bin/gfortran -Ofast -march=native -fPIC -fallow-argument-mismatch -cpp   -L/Library/Developer/CommandLineTools/SDKs/MacOSX.sdk/usr/lib/ -c  quickbeam.f90
/opt/homebrew/bin/gfortran -Ofast -march=native -fPIC -fallow-argument-mismatch -cpp   -L/Library/Developer/CommandLineTools/SDKs/MacOSX.sdk/usr/lib/ -c  icarus.f90
/opt/homebrew/bin/gfortran -Ofast -march=native -fPIC -fallow-argument-mismatch -cpp   -L/Library/Developer/CommandLineTools/SDKs/MacOSX.sdk/usr/lib/ -c  modis_simulator.f90
/opt/homebrew/bin/gfortran -Ofast -march=native -fPIC -fallow-argument-mismatch -cpp   -L/Library/Developer/CommandLineTools/SDKs/MacOSX.sdk/usr/lib/ -c  quickbeam_optics.f90
/opt/homebrew/bin/gfortran -Ofast -march=native -fPIC -fallow-argument-mismatch -cpp   -L/Library/Developer/CommandLineTools/SDKs/MacOSX.sdk/usr/lib/ -c  flexchem_driver.f90
/opt/homebrew/bin/gfortran -Ofast -march=native -fPIC -fallow-argument-mismatch -cpp   -L/Library/Developer/CommandLineTools/SDKs/MacOSX.sdk/usr/lib/ -c  prep_spec.f90
/opt/homebrew/bin/gfortran -Ofast -march=native -fPIC -fallow-argument-mismatch -cpp   -L/Library/Developer/CommandLineTools/SDKs/MacOSX.sdk/usr/lib/ -c  socrates_illuminate.f90
/opt/homebrew/bin/gfortran -Ofast -march=native -fPIC -fallow-argument-mismatch -cpp   -L/Library/Developer/CommandLineTools/SDKs/MacOSX.sdk/usr/lib/ -c  socrates_set_control.f90
/opt/homebrew/bin/gfortran -Ofast -march=native -fPIC -fallow-argument-mismatch -cpp   -L/Library/Developer/CommandLineTools/SDKs/MacOSX.sdk/usr/lib/ -c  sph_solver.f90
/opt/homebrew/bin/gfortran -Ofast -march=native -fPIC -fallow-argument-mismatch -cpp   -L/Library/Developer/CommandLineTools/SDKs/MacOSX.sdk/usr/lib/ -c  two_stream.f90
/opt/homebrew/bin/gfortran -Ofast -march=native -fPIC -fallow-argument-mismatch -cpp   -L/Library/Developer/CommandLineTools/SDKs/MacOSX.sdk/usr/lib/ -c  augment_radiance.f90
/opt/homebrew/bin/gfortran -Ofast -march=native -fPIC -fallow-argument-mismatch -cpp   -L/Library/Developer/CommandLineTools/SDKs/MacOSX.sdk/usr/lib/ -c  calc_flux_ipa.f90
/opt/homebrew/bin/gfortran -Ofast -march=native -fPIC -fallow-argument-mismatch -cpp   -L/Library/Developer/CommandLineTools/SDKs/MacOSX.sdk/usr/lib/ -c  calc_radiance_ipa.f90
/opt/homebrew/bin/gfortran -Ofast -march=native -fPIC -fallow-argument-mismatch -cpp   -L/Library/Developer/CommandLineTools/SDKs/MacOSX.sdk/usr/lib/ -c  mix_column.f90
/opt/homebrew/bin/gfortran -Ofast -march=native -fPIC -fallow-argument-mismatch -cpp   -L/Library/Developer/CommandLineTools/SDKs/MacOSX.sdk/usr/lib/ -c  triple_column.f90
/usr/bin/ar rvu  scatlib.a  \
	   dimensions_cdl_ucf.o dimensions_fixed_pcf.o dimensions_pp_ucf.o realtypefx_rd.o def_inst_flt.o def_refract.o def_solarspec.o def_std_io_icf.o def_data_in_icf.o file_type_pcf.o error_pcf.o input_head_pcf.o interp_mode_pcf.o rad_pcf.o refract_re_ccf.o scatter_pp_pcf.o weighting_pcf.o unit_list_pcf.o dimensions_field_ucf.o coord_transforms.o def_aer.o def_atm.o def_bound.o def_cld.o def_control.o def_dimen.o def_mcica.o def_out.o def_spectrum.o diffusivity_factor.o dimensions_spec_ucf.o ereport_mod.o errormessagelength_mod.o file_manager.o filenamelength_mod.o gas_list_pcf.o missing_data_mod.o parkind1.o rad_ccf.o rad_pcf.o realtype_rd.o vectlib_mod.o yomhook.o \
	   interp1d.o read_spectrum.o set_n_cloud_parameter.o spline_evaluate.o spline_fit.o \
	   d_planck_90.o fit_parabola_90.o get_free_unit.o line_search_90.o change_block_0.o make_block_0.o make_block_1.o make_block_2.o make_block_2_1.o make_block_3.o make_block_3_1.o make_block_4.o make_block_5.o make_block_6.o make_block_8.o make_block_9.o make_block_10.o make_block_11.o make_block_12.o make_block_14.o make_block_15.o make_block_17.o make_block_18.o make_block_19.o make_block_20.o map_heap_func.o open_file_out_90.o out_spectrum.o planck_90.o rad_weight_90.o rayleigh_jeans_tail.o rayleigh_scatter.o rayleigh_scatter_h2he.o read_instrument_response_90.o read_solar_spectrum.o remove_negative_gas_90.o remove_negative_cont_90.o set_interactive.o solar_intensity.o solar_intensity_90.o sum_unity.o trapezoid_90.o write_solar_spectrum.o back_substitute.o calc_thermal_coeff.o calc_planck_tbl.o inner_bracket.o integrate_spline.o lock_code.o make_block_6_1.o make_block_6_2.o non_blank.o open_file_in.o open_file_out.o planck.o point_bracket.o rayleigh_scatter_air.o read_line.o read_word.o svd_decompose.o remove_blank.o simpsons_rule.o trapezoid.o \
	   adt_mitchell96.o bna_factor_ccf.o calc_gauss_weight_90.o cloud_fit_90.o cloud_fit_parm_acf.o cloud_fitting.o conjugate_gradient_cloud_90.o db_interp_ss_mono.o db_read_single_wavelength.o db_scatter_integral.o db_type_ucf.o decompose_phf_90.o def_sct_db.o def_db_crystal_geometry.o def_db_ss_mono.o def_size_dist.o def_s_scat_prop.o distribution_pcf.o get_db_wavelengths.o get_refract_index.o get_wavelengths.o ice_db_read_geometry.o legendre_weight.o line_search_cloud_90.o max_size_acf.o measure_particle_pcf.o method_weight_pcf.o number_particle_90.o open_average_90.o parm_integ_acf.o particle_size_90.o polynomialroots.o prec_integral_tcf.o proj_area_particle.o read_scatter_block_90.o scatter_algorithm_pcf.o scatter_integral_90.o select_weight_scatter_90.o shape_particle_pcf.o size_integral_90.o fit_parabola_90.o volume_particle.o weightings_90.o weightings_single_90.o write_average_90.o grow_particles.o adt_integral.o gamma_fnc.o refractive_index.o mie_scatter.o
ar: creating archive scatlib.a
a - dimensions_cdl_ucf.o
a - dimensions_fixed_pcf.o
a - dimensions_pp_ucf.o
a - realtypefx_rd.o
a - def_inst_flt.o
a - def_refract.o
a - def_solarspec.o
a - def_std_io_icf.o
a - def_data_in_icf.o
a - file_type_pcf.o
a - error_pcf.o
a - input_head_pcf.o
a - interp_mode_pcf.o
a - rad_pcf.o
a - refract_re_ccf.o
a - scatter_pp_pcf.o
a - weighting_pcf.o
a - unit_list_pcf.o
a - dimensions_field_ucf.o
a - coord_transforms.o
a - def_aer.o
a - def_atm.o
a - def_bound.o
a - def_cld.o
a - def_control.o
a - def_dimen.o
a - def_mcica.o
a - def_out.o
a - def_spectrum.o
a - diffusivity_factor.o
a - dimensions_spec_ucf.o
a - ereport_mod.o
a - errormessagelength_mod.o
a - file_manager.o
a - filenamelength_mod.o
a - gas_list_pcf.o
a - missing_data_mod.o
a - parkind1.o
a - rad_ccf.o
a - rad_pcf.o
a - realtype_rd.o
a - vectlib_mod.o
a - yomhook.o
a - interp1d.o
a - read_spectrum.o
a - set_n_cloud_parameter.o
a - spline_evaluate.o
a - spline_fit.o
a - d_planck_90.o
a - fit_parabola_90.o
a - get_free_unit.o
a - line_search_90.o
a - change_block_0.o
a - make_block_0.o
a - make_block_1.o
a - make_block_2.o
a - make_block_2_1.o
a - make_block_3.o
a - make_block_3_1.o
a - make_block_4.o
a - make_block_5.o
a - make_block_6.o
a - make_block_8.o
a - make_block_9.o
a - make_block_10.o
a - make_block_11.o
a - make_block_12.o
a - make_block_14.o
a - make_block_15.o
a - make_block_17.o
a - make_block_18.o
a - make_block_19.o
a - make_block_20.o
a - map_heap_func.o
a - open_file_out_90.o
a - out_spectrum.o
a - planck_90.o
a - rad_weight_90.o
a - rayleigh_jeans_tail.o
a - rayleigh_scatter.o
a - rayleigh_scatter_h2he.o
a - read_instrument_response_90.o
a - read_solar_spectrum.o
a - remove_negative_gas_90.o
a - remove_negative_cont_90.o
a - set_interactive.o
a - solar_intensity.o
a - solar_intensity_90.o
a - sum_unity.o
a - trapezoid_90.o
a - write_solar_spectrum.o
a - back_substitute.o
a - calc_thermal_coeff.o
a - calc_planck_tbl.o
a - inner_bracket.o
a - integrate_spline.o
a - lock_code.o
a - make_block_6_1.o
a - make_block_6_2.o
a - non_blank.o
a - open_file_in.o
a - open_file_out.o
a - planck.o
a - point_bracket.o
a - rayleigh_scatter_air.o
a - read_line.o
a - read_word.o
a - svd_decompose.o
a - remove_blank.o
a - simpsons_rule.o
a - trapezoid.o
a - adt_mitchell96.o
a - bna_factor_ccf.o
a - calc_gauss_weight_90.o
a - cloud_fit_90.o
a - cloud_fit_parm_acf.o
a - cloud_fitting.o
a - conjugate_gradient_cloud_90.o
a - db_interp_ss_mono.o
a - db_read_single_wavelength.o
a - db_scatter_integral.o
a - db_type_ucf.o
a - decompose_phf_90.o
a - def_sct_db.o
a - def_db_crystal_geometry.o
a - def_db_ss_mono.o
a - def_size_dist.o
a - def_s_scat_prop.o
a - distribution_pcf.o
a - get_db_wavelengths.o
a - get_refract_index.o
a - get_wavelengths.o
a - ice_db_read_geometry.o
a - legendre_weight.o
a - line_search_cloud_90.o
a - max_size_acf.o
a - measure_particle_pcf.o
a - method_weight_pcf.o
a - number_particle_90.o
a - open_average_90.o
a - parm_integ_acf.o
a - particle_size_90.o
a - polynomialroots.o
a - prec_integral_tcf.o
a - proj_area_particle.o
a - read_scatter_block_90.o
a - scatter_algorithm_pcf.o
a - scatter_integral_90.o
a - select_weight_scatter_90.o
a - shape_particle_pcf.o
a - size_integral_90.o
a - fit_parabola_90.o
a - volume_particle.o
a - weightings_90.o
a - weightings_single_90.o
a - write_average_90.o
a - grow_particles.o
a - adt_integral.o
a - gamma_fnc.o
a - refractive_index.o
a - mie_scatter.o
/opt/homebrew/bin/gfortran -Ofast -march=native -fPIC -fallow-argument-mismatch  -L/Library/Developer/CommandLineTools/SDKs/MacOSX.sdk/usr/lib/  -L/opt/homebrew/Cellar/netcdf-fortran/4.6.1_1/lib  -o calc_horizon_angles calc_horizon_angles.o \
           socrates_horizon_1d.o socrates_horizon_2d.o rad_ccf.o realtype_rd.o \
           -lnetcdff
/opt/homebrew/bin/gfortran -Ofast -march=native -fPIC -fallow-argument-mismatch -cpp   -L/Library/Developer/CommandLineTools/SDKs/MacOSX.sdk/usr/lib/ -c  cosp_calipso_interface.f90
/opt/homebrew/bin/gfortran -Ofast -march=native -fPIC -fallow-argument-mismatch -cpp   -L/Library/Developer/CommandLineTools/SDKs/MacOSX.sdk/usr/lib/ -c  cosp_cloudsat_interface.f90
/opt/homebrew/bin/gfortran -Ofast -march=native -fPIC -fallow-argument-mismatch -cpp   -L/Library/Developer/CommandLineTools/SDKs/MacOSX.sdk/usr/lib/ -c  cosp_isccp_interface.f90
/opt/homebrew/bin/gfortran -Ofast -march=native -fPIC -fallow-argument-mismatch -cpp   -L/Library/Developer/CommandLineTools/SDKs/MacOSX.sdk/usr/lib/ -c  cosp_modis_interface.f90
/opt/homebrew/bin/gfortran -Ofast -march=native -fPIC -fallow-argument-mismatch -cpp   -L/Library/Developer/CommandLineTools/SDKs/MacOSX.sdk/usr/lib/ -c  cosp_constants_mod.f90
/opt/homebrew/bin/gfortran -Ofast -march=native -fPIC -fallow-argument-mismatch -cpp   -L/Library/Developer/CommandLineTools/SDKs/MacOSX.sdk/usr/lib/ -c  cosp_optics.f90
/usr/bin/ar rvu  flexchemlib.a  \
	   flexchem_driver.o flexchem_kinds_mod.o flexchem_kinetics_mod.o flexchem_mod.o flexchem_input_mod.o flexchem_test_mod.o realtype_rd.o \
	   opkda1.o opkda2.o opkdmain.o
ar: creating archive flexchemlib.a
a - flexchem_driver.o
a - flexchem_kinds_mod.o
a - flexchem_kinetics_mod.o
a - flexchem_mod.o
a - flexchem_input_mod.o
a - flexchem_test_mod.o
a - realtype_rd.o
a - opkda1.o
a - opkda2.o
a - opkdmain.o
/opt/homebrew/bin/gfortran -Ofast -march=native -fPIC -fallow-argument-mismatch -cpp   -L/Library/Developer/CommandLineTools/SDKs/MacOSX.sdk/usr/lib/ -c  socrates_runes.f90
/opt/homebrew/bin/gfortran -Ofast -march=native -fPIC -fallow-argument-mismatch -cpp   -L/Library/Developer/CommandLineTools/SDKs/MacOSX.sdk/usr/lib/ -c  mono_rad_ss.f
/opt/homebrew/bin/gfortran -Ofast -march=native -fPIC -fallow-argument-mismatch -cpp   -L/Library/Developer/CommandLineTools/SDKs/MacOSX.sdk/usr/lib/ -c  monochromatic_radiance_sph.f90
/opt/homebrew/bin/gfortran -Ofast -march=native -fPIC -fallow-argument-mismatch -cpp   -L/Library/Developer/CommandLineTools/SDKs/MacOSX.sdk/usr/lib/ -c  monochromatic_radiance_tseq.f90
/opt/homebrew/bin/gfortran -Ofast -march=native -fPIC -fallow-argument-mismatch  -L/Library/Developer/CommandLineTools/SDKs/MacOSX.sdk/usr/lib/  -o icedb2bin icedb2bin.o scatlib.a
/opt/homebrew/bin/gfortran -Ofast -march=native -fPIC -fallow-argument-mismatch  -L/Library/Developer/CommandLineTools/SDKs/MacOSX.sdk/usr/lib/  -o ice_scatter ice_scatter.o scatlib.a
/opt/homebrew/bin/gfortran -Ofast -march=native -fPIC -fallow-argument-mismatch  -L/Library/Developer/CommandLineTools/SDKs/MacOSX.sdk/usr/lib/  -o scatter_90 scatter_90.o scatlib.a
/opt/homebrew/bin/gfortran -Ofast -march=native -fPIC -fallow-argument-mismatch  -L/Library/Developer/CommandLineTools/SDKs/MacOSX.sdk/usr/lib/  -o scatter_average_90 scatter_average_90.o \
	   scatlib.a
/opt/homebrew/bin/gfortran -Ofast -march=native -fPIC -fallow-argument-mismatch  -L/Library/Developer/CommandLineTools/SDKs/MacOSX.sdk/usr/lib/  -o reduce_casim_ice reduce_casim_ice.o \
	   scatlib.a
/opt/homebrew/bin/gfortran -Ofast -march=native -fPIC -fallow-argument-mismatch -cpp   -L/Library/Developer/CommandLineTools/SDKs/MacOSX.sdk/usr/lib/ -c  cosp.f90
/opt/homebrew/bin/gfortran -Ofast -march=native -fPIC -fallow-argument-mismatch  -L/Library/Developer/CommandLineTools/SDKs/MacOSX.sdk/usr/lib/  -o flexchem_driver \
	   flexchem_driver.o flexchemlib.a
/opt/homebrew/bin/gfortran -Ofast -march=native -fPIC -fallow-argument-mismatch -cpp   -L/Library/Developer/CommandLineTools/SDKs/MacOSX.sdk/usr/lib/ -c  monochromatic_radiance.f90
/usr/bin/ar rvu  cklib.a  \
	   dimensions_cdl_ucf.o dimensions_fixed_pcf.o dimensions_pp_ucf.o realtypefx_rd.o def_inst_flt.o def_refract.o def_solarspec.o def_std_io_icf.o def_data_in_icf.o file_type_pcf.o error_pcf.o input_head_pcf.o interp_mode_pcf.o rad_pcf.o refract_re_ccf.o scatter_pp_pcf.o weighting_pcf.o unit_list_pcf.o dimensions_field_ucf.o coord_transforms.o def_aer.o def_atm.o def_bound.o def_cld.o def_control.o def_dimen.o def_mcica.o def_out.o def_spectrum.o diffusivity_factor.o dimensions_spec_ucf.o ereport_mod.o errormessagelength_mod.o file_manager.o filenamelength_mod.o gas_list_pcf.o missing_data_mod.o parkind1.o rad_ccf.o rad_pcf.o realtype_rd.o vectlib_mod.o yomhook.o \
	   interp1d.o read_spectrum.o set_n_cloud_parameter.o spline_evaluate.o spline_fit.o \
	   d_planck_90.o fit_parabola_90.o get_free_unit.o line_search_90.o change_block_0.o make_block_0.o make_block_1.o make_block_2.o make_block_2_1.o make_block_3.o make_block_3_1.o make_block_4.o make_block_5.o make_block_6.o make_block_8.o make_block_9.o make_block_10.o make_block_11.o make_block_12.o make_block_14.o make_block_15.o make_block_17.o make_block_18.o make_block_19.o make_block_20.o map_heap_func.o open_file_out_90.o out_spectrum.o planck_90.o rad_weight_90.o rayleigh_jeans_tail.o rayleigh_scatter.o rayleigh_scatter_h2he.o read_instrument_response_90.o read_solar_spectrum.o remove_negative_gas_90.o remove_negative_cont_90.o set_interactive.o solar_intensity.o solar_intensity_90.o sum_unity.o trapezoid_90.o write_solar_spectrum.o back_substitute.o calc_thermal_coeff.o calc_planck_tbl.o inner_bracket.o integrate_spline.o lock_code.o make_block_6_1.o make_block_6_2.o non_blank.o open_file_in.o open_file_out.o planck.o point_bracket.o rayleigh_scatter_air.o read_line.o read_word.o svd_decompose.o remove_blank.o simpsons_rule.o trapezoid.o \
	   aerosol_profile_pcf.o aerosol_representation_pcf.o astro_constants_mod.o def_orbit.o filter_function.o method_merge_pcf.o runes_nc_nml_mod.o orbprm_mod.o qsat_wat.o qsat_alg_pcf.o rand_gauss.o set_moist_aerosol_properties.o socrates_cloud_abs_diag.o socrates_cloud_ext_diag.o socrates_cloud_gen.o socrates_cloud_level_diag.o socrates_horizon_1d.o socrates_horizon_2d.o socrates_illuminate.o socrates_runes.o socrates_bones.o socrates_set_control.o socrates_set_spectrum.o socrates_set_dimen.o socrates_set_atm.o socrates_set_bound.o socrates_set_cld.o socrates_set_cld_dim.o socrates_set_cld_mcica.o socrates_set_aer.o socrates_set_diag.o solang_mod.o solpos_mod.o write_samson.o angular_control.o assign_horiz_cdl.o assign_input_novert_cdl.o assign_input_vert_cdl.o assign_input_opt_cdl.o assign_input_ss_cdl.o assign_surface_char_cdl.o assign_viewing_geom_cdl.o calc_cdl_stride.o calc_volume_fraction.o extinction_profile.o find_dimen_cdl.o find_var_cdl.o fnc_density.o input_aerosol_cdl.o input_cloud_cdl.o interpolate_p_mod.o l_find_component.o merge_pressure.o mono_rad_ss.o name_length.o output_flux_cdl.o output_horiz_cdl.o output_opt_profile_cdl.o output_photolysis_cdl.o output_radiance_cdl.o output_surf_cdl.o output_vert_cdl.o output_view_cdl.o planck_cumul.o planck_ss_source.o qsat.o qsat_gg.o qsat_gg_ice.o read_averaged_scatter.o read_cdl.o read_raw_profile.o read_samson_p_field.o read_genln2_flux.o seaalbedo.o seaalbedo_driver.o set_state.o sort_raw_profile.o split_cdl_line.o write_profile.o write_cdl.o write_cdl_field.o \
	   adjust_path.o bi_interp.o ckd_extern_data.o ck_parm_acf.o ck_fit_pcf.o corr_k_single.o conjugate_gradient_90.o def_hitran_record.o exponent_fit_90.o func_scale_90.o func_scale_derivative_90.o h2o_continuum.o hitran_cnst.o line_prof_corr_mod.o offset_residual_trans_acf.o optimal_k.o read_hitran.o read_pt_line_90.o read_ref_pt_90.o residual_trans_90.o residual_gradient_90.o scale_ck_fit_90.o scale_parameters_acf.o set_condition_ck_90.o set_extern_ckd_self_data.o set_extern_ckd_frn_data.o set_g_point_90.o select_weight_ck_90.o terminate_scale_90.o trans_k_dist.o type_residual_pcf.o voigt_profile.o write_fit_90.o
ar: creating archive cklib.a
a - dimensions_cdl_ucf.o
a - dimensions_fixed_pcf.o
a - dimensions_pp_ucf.o
a - realtypefx_rd.o
a - def_inst_flt.o
a - def_refract.o
a - def_solarspec.o
a - def_std_io_icf.o
a - def_data_in_icf.o
a - file_type_pcf.o
a - error_pcf.o
a - input_head_pcf.o
a - interp_mode_pcf.o
a - rad_pcf.o
a - refract_re_ccf.o
a - scatter_pp_pcf.o
a - weighting_pcf.o
a - unit_list_pcf.o
a - dimensions_field_ucf.o
a - coord_transforms.o
a - def_aer.o
a - def_atm.o
a - def_bound.o
a - def_cld.o
a - def_control.o
a - def_dimen.o
a - def_mcica.o
a - def_out.o
a - def_spectrum.o
a - diffusivity_factor.o
a - dimensions_spec_ucf.o
a - ereport_mod.o
a - errormessagelength_mod.o
a - file_manager.o
a - filenamelength_mod.o
a - gas_list_pcf.o
a - missing_data_mod.o
a - parkind1.o
a - rad_ccf.o
a - rad_pcf.o
a - realtype_rd.o
a - vectlib_mod.o
a - yomhook.o
a - interp1d.o
a - read_spectrum.o
a - set_n_cloud_parameter.o
a - spline_evaluate.o
a - spline_fit.o
a - d_planck_90.o
a - fit_parabola_90.o
a - get_free_unit.o
a - line_search_90.o
a - change_block_0.o
a - make_block_0.o
a - make_block_1.o
a - make_block_2.o
a - make_block_2_1.o
a - make_block_3.o
a - make_block_3_1.o
a - make_block_4.o
a - make_block_5.o
a - make_block_6.o
a - make_block_8.o
a - make_block_9.o
a - make_block_10.o
a - make_block_11.o
a - make_block_12.o
a - make_block_14.o
a - make_block_15.o
a - make_block_17.o
a - make_block_18.o
a - make_block_19.o
a - make_block_20.o
a - map_heap_func.o
a - open_file_out_90.o
a - out_spectrum.o
a - planck_90.o
a - rad_weight_90.o
a - rayleigh_jeans_tail.o
a - rayleigh_scatter.o
a - rayleigh_scatter_h2he.o
a - read_instrument_response_90.o
a - read_solar_spectrum.o
a - remove_negative_gas_90.o
a - remove_negative_cont_90.o
a - set_interactive.o
a - solar_intensity.o
a - solar_intensity_90.o
a - sum_unity.o
a - trapezoid_90.o
a - write_solar_spectrum.o
a - back_substitute.o
a - calc_thermal_coeff.o
a - calc_planck_tbl.o
a - inner_bracket.o
a - integrate_spline.o
a - lock_code.o
a - make_block_6_1.o
a - make_block_6_2.o
a - non_blank.o
a - open_file_in.o
a - open_file_out.o
a - planck.o
a - point_bracket.o
a - rayleigh_scatter_air.o
a - read_line.o
a - read_word.o
a - svd_decompose.o
a - remove_blank.o
a - simpsons_rule.o
a - trapezoid.o
a - aerosol_profile_pcf.o
a - aerosol_representation_pcf.o
a - astro_constants_mod.o
a - def_orbit.o
a - filter_function.o
a - method_merge_pcf.o
a - runes_nc_nml_mod.o
a - orbprm_mod.o
a - qsat_wat.o
a - qsat_alg_pcf.o
a - rand_gauss.o
a - set_moist_aerosol_properties.o
a - socrates_cloud_abs_diag.o
a - socrates_cloud_ext_diag.o
a - socrates_cloud_gen.o
a - socrates_cloud_level_diag.o
a - socrates_horizon_1d.o
a - socrates_horizon_2d.o
a - socrates_illuminate.o
a - socrates_runes.o
a - socrates_bones.o
a - socrates_set_control.o
a - socrates_set_spectrum.o
a - socrates_set_dimen.o
a - socrates_set_atm.o
a - socrates_set_bound.o
a - socrates_set_cld.o
a - socrates_set_cld_dim.o
a - socrates_set_cld_mcica.o
a - socrates_set_aer.o
a - socrates_set_diag.o
a - solang_mod.o
a - solpos_mod.o
a - write_samson.o
a - angular_control.o
a - assign_horiz_cdl.o
a - assign_input_novert_cdl.o
a - assign_input_vert_cdl.o
a - assign_input_opt_cdl.o
a - assign_input_ss_cdl.o
a - assign_surface_char_cdl.o
a - assign_viewing_geom_cdl.o
a - calc_cdl_stride.o
a - calc_volume_fraction.o
a - extinction_profile.o
a - find_dimen_cdl.o
a - find_var_cdl.o
a - fnc_density.o
a - input_aerosol_cdl.o
a - input_cloud_cdl.o
a - interpolate_p_mod.o
a - l_find_component.o
a - merge_pressure.o
a - mono_rad_ss.o
a - name_length.o
a - output_flux_cdl.o
a - output_horiz_cdl.o
a - output_opt_profile_cdl.o
a - output_photolysis_cdl.o
a - output_radiance_cdl.o
a - output_surf_cdl.o
a - output_vert_cdl.o
a - output_view_cdl.o
a - planck_cumul.o
a - planck_ss_source.o
a - qsat.o
a - qsat_gg.o
a - qsat_gg_ice.o
a - read_averaged_scatter.o
a - read_cdl.o
a - read_raw_profile.o
a - read_samson_p_field.o
a - read_genln2_flux.o
a - seaalbedo.o
a - seaalbedo_driver.o
a - set_state.o
a - sort_raw_profile.o
a - split_cdl_line.o
a - write_profile.o
a - write_cdl.o
a - write_cdl_field.o
a - adjust_path.o
a - bi_interp.o
a - ckd_extern_data.o
a - ck_parm_acf.o
a - ck_fit_pcf.o
a - corr_k_single.o
a - conjugate_gradient_90.o
a - def_hitran_record.o
a - exponent_fit_90.o
a - func_scale_90.o
a - func_scale_derivative_90.o
a - h2o_continuum.o
a - hitran_cnst.o
a - line_prof_corr_mod.o
a - offset_residual_trans_acf.o
a - optimal_k.o
a - read_hitran.o
a - read_pt_line_90.o
a - read_ref_pt_90.o
a - residual_trans_90.o
a - residual_gradient_90.o
a - scale_ck_fit_90.o
a - scale_parameters_acf.o
a - set_condition_ck_90.o
a - set_extern_ckd_self_data.o
a - set_extern_ckd_frn_data.o
a - set_g_point_90.o
a - select_weight_ck_90.o
a - terminate_scale_90.o
a - trans_k_dist.o
a - type_residual_pcf.o
a - voigt_profile.o
a - write_fit_90.o
/opt/homebrew/bin/gfortran -Ofast -march=native -fPIC -fallow-argument-mismatch -cpp   -L/Library/Developer/CommandLineTools/SDKs/MacOSX.sdk/usr/lib/ -c  runes_driver.f90
/opt/homebrew/bin/gfortran -Ofast -march=native -fPIC -fallow-argument-mismatch -cpp   -L/Library/Developer/CommandLineTools/SDKs/MacOSX.sdk/usr/lib/ -c  -I/opt/homebrew/Cellar/netcdf-fortran/4.6.1_1/include -I/opt/homebrew/Cellar/netcdf-fortran/4.6.1_1/include -I/opt/homebrew/Cellar/netcdf-fortran/4.6.1_1/include  runes_nc.f90
/opt/homebrew/bin/gfortran -Ofast -march=native -fPIC -fallow-argument-mismatch -cpp   -L/Library/Developer/CommandLineTools/SDKs/MacOSX.sdk/usr/lib/ -c  mcica_sample.f90
/opt/homebrew/bin/gfortran -Ofast -march=native -fPIC -fallow-argument-mismatch -cpp   -L/Library/Developer/CommandLineTools/SDKs/MacOSX.sdk/usr/lib/ -c  solve_band_random_overlap_resort_rebin.f90
/opt/homebrew/bin/gfortran -Ofast -march=native -fPIC -fallow-argument-mismatch -cpp   -L/Library/Developer/CommandLineTools/SDKs/MacOSX.sdk/usr/lib/ -c  solve_band_ses.f90
/opt/homebrew/bin/gfortran -Ofast -march=native -fPIC -fallow-argument-mismatch -cpp   -L/Library/Developer/CommandLineTools/SDKs/MacOSX.sdk/usr/lib/ -c  solve_band_without_gas.f90
/opt/homebrew/bin/gfortran -Ofast -march=native -fPIC -fallow-argument-mismatch  -L/Library/Developer/CommandLineTools/SDKs/MacOSX.sdk/usr/lib/  -fopenmp  -L/opt/homebrew/Cellar/netcdf-fortran/4.6.1_1/lib  -o corr_k corr_k.o \
	   cklib.a  -lnetcdff
/opt/homebrew/bin/gfortran -Ofast -march=native -fPIC -fallow-argument-mismatch  -L/Library/Developer/CommandLineTools/SDKs/MacOSX.sdk/usr/lib/  -o convert_elsey_shine convert_elsey_shine.o cklib.a
/opt/homebrew/bin/gfortran -Ofast -march=native -fPIC -fallow-argument-mismatch  -L/Library/Developer/CommandLineTools/SDKs/MacOSX.sdk/usr/lib/  -o dat2xsc dat2xsc.o cklib.a
/opt/homebrew/bin/gfortran -Ofast -march=native -fPIC -fallow-argument-mismatch  -L/Library/Developer/CommandLineTools/SDKs/MacOSX.sdk/usr/lib/  -o xsc2xsc xsc2xsc.o cklib.a
/opt/homebrew/bin/gfortran -Ofast -march=native -fPIC -fallow-argument-mismatch  -L/Library/Developer/CommandLineTools/SDKs/MacOSX.sdk/usr/lib/  -o qtxt2parsum qtxt2parsum.o cklib.a
/opt/homebrew/bin/gfortran -Ofast -march=native -fPIC -fallow-argument-mismatch  -L/Library/Developer/CommandLineTools/SDKs/MacOSX.sdk/usr/lib/  -L/opt/homebrew/Cellar/netcdf-fortran/4.6.1_1/lib  -o lblcat lblcat.o \
	   cklib.a  -lnetcdff
/opt/homebrew/bin/gfortran -Ofast -march=native -fPIC -fallow-argument-mismatch -cpp   -L/Library/Developer/CommandLineTools/SDKs/MacOSX.sdk/usr/lib/ -c  solve_band_k_eqv_scl.f90
/opt/homebrew/bin/gfortran -Ofast -march=native -fPIC -fallow-argument-mismatch -cpp   -L/Library/Developer/CommandLineTools/SDKs/MacOSX.sdk/usr/lib/ -c  solve_band_random_overlap.f90
/opt/homebrew/bin/gfortran -Ofast -march=native -fPIC -fallow-argument-mismatch -cpp   -L/Library/Developer/CommandLineTools/SDKs/MacOSX.sdk/usr/lib/ -c  -I/opt/homebrew/Cellar/netcdf-fortran/4.6.1_1/include -I/opt/homebrew/Cellar/netcdf-fortran/4.6.1_1/include -I/opt/homebrew/Cellar/netcdf-fortran/4.6.1_1/include  cosp2_io.f90
/opt/homebrew/bin/gfortran -Ofast -march=native -fPIC -fallow-argument-mismatch -cpp   -L/Library/Developer/CommandLineTools/SDKs/MacOSX.sdk/usr/lib/ -c  cosp_types_mod.f90
/opt/homebrew/bin/gfortran -Ofast -march=native -fPIC -fallow-argument-mismatch -cpp   -L/Library/Developer/CommandLineTools/SDKs/MacOSX.sdk/usr/lib/ -c  radiance_calc.f90
/opt/homebrew/bin/gfortran -Ofast -march=native -fPIC -fallow-argument-mismatch -cpp   -L/Library/Developer/CommandLineTools/SDKs/MacOSX.sdk/usr/lib/ -c  cosp_radiation_mod.f90
/usr/bin/ar rvu  radlib.a  \
	   dimensions_cdl_ucf.o dimensions_fixed_pcf.o dimensions_pp_ucf.o realtypefx_rd.o def_inst_flt.o def_refract.o def_solarspec.o def_std_io_icf.o def_data_in_icf.o file_type_pcf.o error_pcf.o input_head_pcf.o interp_mode_pcf.o rad_pcf.o refract_re_ccf.o scatter_pp_pcf.o weighting_pcf.o unit_list_pcf.o dimensions_field_ucf.o coord_transforms.o def_aer.o def_atm.o def_bound.o def_cld.o def_control.o def_dimen.o def_mcica.o def_out.o def_spectrum.o diffusivity_factor.o dimensions_spec_ucf.o ereport_mod.o errormessagelength_mod.o file_manager.o filenamelength_mod.o gas_list_pcf.o missing_data_mod.o parkind1.o rad_ccf.o rad_pcf.o realtype_rd.o vectlib_mod.o yomhook.o \
	   interp1d.o read_spectrum.o set_n_cloud_parameter.o spline_evaluate.o spline_fit.o \
	   d_planck_90.o fit_parabola_90.o get_free_unit.o line_search_90.o change_block_0.o make_block_0.o make_block_1.o make_block_2.o make_block_2_1.o make_block_3.o make_block_3_1.o make_block_4.o make_block_5.o make_block_6.o make_block_8.o make_block_9.o make_block_10.o make_block_11.o make_block_12.o make_block_14.o make_block_15.o make_block_17.o make_block_18.o make_block_19.o make_block_20.o map_heap_func.o open_file_out_90.o out_spectrum.o planck_90.o rad_weight_90.o rayleigh_jeans_tail.o rayleigh_scatter.o rayleigh_scatter_h2he.o read_instrument_response_90.o read_solar_spectrum.o remove_negative_gas_90.o remove_negative_cont_90.o set_interactive.o solar_intensity.o solar_intensity_90.o sum_unity.o trapezoid_90.o write_solar_spectrum.o back_substitute.o calc_thermal_coeff.o calc_planck_tbl.o inner_bracket.o integrate_spline.o lock_code.o make_block_6_1.o make_block_6_2.o non_blank.o open_file_in.o open_file_out.o planck.o point_bracket.o rayleigh_scatter_air.o read_line.o read_word.o svd_decompose.o remove_blank.o simpsons_rule.o trapezoid.o \
	   aerosol_profile_pcf.o aerosol_representation_pcf.o astro_constants_mod.o def_orbit.o filter_function.o method_merge_pcf.o runes_nc_nml_mod.o orbprm_mod.o qsat_wat.o qsat_alg_pcf.o rand_gauss.o set_moist_aerosol_properties.o socrates_cloud_abs_diag.o socrates_cloud_ext_diag.o socrates_cloud_gen.o socrates_cloud_level_diag.o socrates_horizon_1d.o socrates_horizon_2d.o socrates_illuminate.o socrates_runes.o socrates_bones.o socrates_set_control.o socrates_set_spectrum.o socrates_set_dimen.o socrates_set_atm.o socrates_set_bound.o socrates_set_cld.o socrates_set_cld_dim.o socrates_set_cld_mcica.o socrates_set_aer.o socrates_set_diag.o solang_mod.o solpos_mod.o write_samson.o angular_control.o assign_horiz_cdl.o assign_input_novert_cdl.o assign_input_vert_cdl.o assign_input_opt_cdl.o assign_input_ss_cdl.o assign_surface_char_cdl.o assign_viewing_geom_cdl.o calc_cdl_stride.o calc_volume_fraction.o extinction_profile.o find_dimen_cdl.o find_var_cdl.o fnc_density.o input_aerosol_cdl.o input_cloud_cdl.o interpolate_p_mod.o l_find_component.o merge_pressure.o mono_rad_ss.o name_length.o output_flux_cdl.o output_horiz_cdl.o output_opt_profile_cdl.o output_photolysis_cdl.o output_radiance_cdl.o output_surf_cdl.o output_vert_cdl.o output_view_cdl.o planck_cumul.o planck_ss_source.o qsat.o qsat_gg.o qsat_gg_ice.o read_averaged_scatter.o read_cdl.o read_raw_profile.o read_samson_p_field.o read_genln2_flux.o seaalbedo.o seaalbedo_driver.o set_state.o sort_raw_profile.o split_cdl_line.o write_profile.o write_cdl.o write_cdl_field.o \
	   adjust_ir_radiance.o aggregate_cloud.o augment_channel_mod.o augment_radiance.o augment_tiled_radiance.o band_solver.o build_sph_matrix.o calc_actinic_flux_mod.o calc_brdf.o calc_cg_coeff.o calc_contrib_func.o calc_flux_ipa.o calc_gauss_weight_90.o calc_photolysis_incr_mod.o calc_radiance_ipa.o calc_surf_rad.o calc_top_rad.o calc_uplm_sol.o calc_uplm_zero.o cg_kappa_ms.o check_phf_term.o circumsolar_fraction.o cloud_maxcs_split.o column_solver.o copy_clr_full.o copy_clr_sol.o def_planck.o def_qy.o def_ss_prop.o def_spherical_geometry.o diff_albedo_basis.o diff_planck_source_mod.o eig_sys.o eigenvalue_tri.o eval_uplm.o finalise_photol_incr_mod.o gas_optical_properties.o gauss_angle.o gaussian_weight_pcf.o grey_opt_prop.o hemi_sph_integ.o increment_rad_cf.o inter_k.o inter_pt.o inter_pt_lookup.o inter_t_lookup.o ir_source.o layer_part_integ.o legendre_weight.o legendre_mod.o map_sub_bands_mod.o mcica_column.o mcica_sample.o mix_app_scat.o mix_column.o mixed_solar_source.o monochromatic_gas_flux.o monochromatic_ir_radiance.o monochromatic_radiance.o monochromatic_radiance_sph.o monochromatic_radiance_tseq.o opt_prop_aerosol.o opt_prop_ukca_aerosol.o opt_prop_ice_cloud.o opt_prop_water_cloud.o opt_prop_pade_2_mod.o opt_prop_fu_phf_mod.o opt_prop_baran_mod.o opt_prop_inhom_corr_cairns.o overlap_coupled.o planck_flux_band_mod.o prsc_gather_spline.o prsc_opt_prop.o quicksort.o radiance_calc.o rebin_esft_terms.o rescale_continuum.o rescale_phase_fnc.o rescale_tau_csr.o rescale_tau_omega.o scale_absorb.o scale_wenyi.o ses_rescale_contm.o set_cloud_geometry.o set_cloud_pointer.o set_dirn_weights.o set_level_weights.o set_matrix_pentadiagonal.o set_n_source_coeff.o set_rad_layer.o set_truncation.o shell_sort.o single_scat_sol.o single_scattering.o single_scattering_all.o sol_scat_cos.o solar_coefficient_basic.o solar_source.o solve_band_k_eqv_scl.o solve_band_random_overlap.o solve_band_random_overlap_resort_rebin.o solve_band_ses.o solve_band_without_gas.o solver_homogen_direct.o solver_mix_direct.o solver_mix_direct_hogan.o solver_no_scat.o solver_triple.o solver_triple_hogan.o solver_triple_app_scat.o sph_matrix_solver.o sph_solver.o spherical_path.o spherical_solar_source.o spherical_trans_coeff.o sum_k.o trans_source_coeff.o triple_column.o triple_solar_source.o two_coeff.o two_coeff_basic.o two_coeff_cloud.o two_coeff_fast_lw.o two_coeff_region.o two_coeff_region_fast_lw.o two_stream.o \
	   nlte_heating_data_mod.o nlte_heating_mod.o sw_nlte_heating_mod.o
ar: creating archive radlib.a
a - dimensions_cdl_ucf.o
a - dimensions_fixed_pcf.o
a - dimensions_pp_ucf.o
a - realtypefx_rd.o
a - def_inst_flt.o
a - def_refract.o
a - def_solarspec.o
a - def_std_io_icf.o
a - def_data_in_icf.o
a - file_type_pcf.o
a - error_pcf.o
a - input_head_pcf.o
a - interp_mode_pcf.o
a - rad_pcf.o
a - refract_re_ccf.o
a - scatter_pp_pcf.o
a - weighting_pcf.o
a - unit_list_pcf.o
a - dimensions_field_ucf.o
a - coord_transforms.o
a - def_aer.o
a - def_atm.o
a - def_bound.o
a - def_cld.o
a - def_control.o
a - def_dimen.o
a - def_mcica.o
a - def_out.o
a - def_spectrum.o
a - diffusivity_factor.o
a - dimensions_spec_ucf.o
a - ereport_mod.o
a - errormessagelength_mod.o
a - file_manager.o
a - filenamelength_mod.o
a - gas_list_pcf.o
a - missing_data_mod.o
a - parkind1.o
a - rad_ccf.o
a - rad_pcf.o
a - realtype_rd.o
a - vectlib_mod.o
a - yomhook.o
a - interp1d.o
a - read_spectrum.o
a - set_n_cloud_parameter.o
a - spline_evaluate.o
a - spline_fit.o
a - d_planck_90.o
a - fit_parabola_90.o
a - get_free_unit.o
a - line_search_90.o
a - change_block_0.o
a - make_block_0.o
a - make_block_1.o
a - make_block_2.o
a - make_block_2_1.o
a - make_block_3.o
a - make_block_3_1.o
a - make_block_4.o
a - make_block_5.o
a - make_block_6.o
a - make_block_8.o
a - make_block_9.o
a - make_block_10.o
a - make_block_11.o
a - make_block_12.o
a - make_block_14.o
a - make_block_15.o
a - make_block_17.o
a - make_block_18.o
a - make_block_19.o
a - make_block_20.o
a - map_heap_func.o
a - open_file_out_90.o
a - out_spectrum.o
a - planck_90.o
a - rad_weight_90.o
a - rayleigh_jeans_tail.o
a - rayleigh_scatter.o
a - rayleigh_scatter_h2he.o
a - read_instrument_response_90.o
a - read_solar_spectrum.o
a - remove_negative_gas_90.o
a - remove_negative_cont_90.o
a - set_interactive.o
a - solar_intensity.o
a - solar_intensity_90.o
a - sum_unity.o
a - trapezoid_90.o
a - write_solar_spectrum.o
a - back_substitute.o
a - calc_thermal_coeff.o
a - calc_planck_tbl.o
a - inner_bracket.o
a - integrate_spline.o
a - lock_code.o
a - make_block_6_1.o
a - make_block_6_2.o
a - non_blank.o
a - open_file_in.o
a - open_file_out.o
a - planck.o
a - point_bracket.o
a - rayleigh_scatter_air.o
a - read_line.o
a - read_word.o
a - svd_decompose.o
a - remove_blank.o
a - simpsons_rule.o
a - trapezoid.o
a - aerosol_profile_pcf.o
a - aerosol_representation_pcf.o
a - astro_constants_mod.o
a - def_orbit.o
a - filter_function.o
a - method_merge_pcf.o
a - runes_nc_nml_mod.o
a - orbprm_mod.o
a - qsat_wat.o
a - qsat_alg_pcf.o
a - rand_gauss.o
a - set_moist_aerosol_properties.o
a - socrates_cloud_abs_diag.o
a - socrates_cloud_ext_diag.o
a - socrates_cloud_gen.o
a - socrates_cloud_level_diag.o
a - socrates_horizon_1d.o
a - socrates_horizon_2d.o
a - socrates_illuminate.o
a - socrates_runes.o
a - socrates_bones.o
a - socrates_set_control.o
a - socrates_set_spectrum.o
a - socrates_set_dimen.o
a - socrates_set_atm.o
a - socrates_set_bound.o
a - socrates_set_cld.o
a - socrates_set_cld_dim.o
a - socrates_set_cld_mcica.o
a - socrates_set_aer.o
a - socrates_set_diag.o
a - solang_mod.o
a - solpos_mod.o
a - write_samson.o
a - angular_control.o
a - assign_horiz_cdl.o
a - assign_input_novert_cdl.o
a - assign_input_vert_cdl.o
a - assign_input_opt_cdl.o
a - assign_input_ss_cdl.o
a - assign_surface_char_cdl.o
a - assign_viewing_geom_cdl.o
a - calc_cdl_stride.o
a - calc_volume_fraction.o
a - extinction_profile.o
a - find_dimen_cdl.o
a - find_var_cdl.o
a - fnc_density.o
a - input_aerosol_cdl.o
a - input_cloud_cdl.o
a - interpolate_p_mod.o
a - l_find_component.o
a - merge_pressure.o
a - mono_rad_ss.o
a - name_length.o
a - output_flux_cdl.o
a - output_horiz_cdl.o
a - output_opt_profile_cdl.o
a - output_photolysis_cdl.o
a - output_radiance_cdl.o
a - output_surf_cdl.o
a - output_vert_cdl.o
a - output_view_cdl.o
a - planck_cumul.o
a - planck_ss_source.o
a - qsat.o
a - qsat_gg.o
a - qsat_gg_ice.o
a - read_averaged_scatter.o
a - read_cdl.o
a - read_raw_profile.o
a - read_samson_p_field.o
a - read_genln2_flux.o
a - seaalbedo.o
a - seaalbedo_driver.o
a - set_state.o
a - sort_raw_profile.o
a - split_cdl_line.o
a - write_profile.o
a - write_cdl.o
a - write_cdl_field.o
a - adjust_ir_radiance.o
a - aggregate_cloud.o
a - augment_channel_mod.o
a - augment_radiance.o
a - augment_tiled_radiance.o
a - band_solver.o
a - build_sph_matrix.o
a - calc_actinic_flux_mod.o
a - calc_brdf.o
a - calc_cg_coeff.o
a - calc_contrib_func.o
a - calc_flux_ipa.o
a - calc_gauss_weight_90.o
a - calc_photolysis_incr_mod.o
a - calc_radiance_ipa.o
a - calc_surf_rad.o
a - calc_top_rad.o
a - calc_uplm_sol.o
a - calc_uplm_zero.o
a - cg_kappa_ms.o
a - check_phf_term.o
a - circumsolar_fraction.o
a - cloud_maxcs_split.o
a - column_solver.o
a - copy_clr_full.o
a - copy_clr_sol.o
a - def_planck.o
a - def_qy.o
a - def_ss_prop.o
a - def_spherical_geometry.o
a - diff_albedo_basis.o
a - diff_planck_source_mod.o
a - eig_sys.o
a - eigenvalue_tri.o
a - eval_uplm.o
a - finalise_photol_incr_mod.o
a - gas_optical_properties.o
a - gauss_angle.o
a - gaussian_weight_pcf.o
a - grey_opt_prop.o
a - hemi_sph_integ.o
a - increment_rad_cf.o
a - inter_k.o
a - inter_pt.o
a - inter_pt_lookup.o
a - inter_t_lookup.o
a - ir_source.o
a - layer_part_integ.o
a - legendre_weight.o
a - legendre_mod.o
a - map_sub_bands_mod.o
a - mcica_column.o
a - mcica_sample.o
a - mix_app_scat.o
a - mix_column.o
a - mixed_solar_source.o
a - monochromatic_gas_flux.o
a - monochromatic_ir_radiance.o
a - monochromatic_radiance.o
a - monochromatic_radiance_sph.o
a - monochromatic_radiance_tseq.o
a - opt_prop_aerosol.o
a - opt_prop_ukca_aerosol.o
a - opt_prop_ice_cloud.o
a - opt_prop_water_cloud.o
a - opt_prop_pade_2_mod.o
a - opt_prop_fu_phf_mod.o
a - opt_prop_baran_mod.o
a - opt_prop_inhom_corr_cairns.o
a - overlap_coupled.o
a - planck_flux_band_mod.o
a - prsc_gather_spline.o
a - prsc_opt_prop.o
a - quicksort.o
a - radiance_calc.o
a - rebin_esft_terms.o
a - rescale_continuum.o
a - rescale_phase_fnc.o
a - rescale_tau_csr.o
a - rescale_tau_omega.o
a - scale_absorb.o
a - scale_wenyi.o
a - ses_rescale_contm.o
a - set_cloud_geometry.o
a - set_cloud_pointer.o
a - set_dirn_weights.o
a - set_level_weights.o
a - set_matrix_pentadiagonal.o
a - set_n_source_coeff.o
a - set_rad_layer.o
a - set_truncation.o
a - shell_sort.o
a - single_scat_sol.o
a - single_scattering.o
a - single_scattering_all.o
a - sol_scat_cos.o
a - solar_coefficient_basic.o
a - solar_source.o
a - solve_band_k_eqv_scl.o
a - solve_band_random_overlap.o
a - solve_band_random_overlap_resort_rebin.o
a - solve_band_ses.o
a - solve_band_without_gas.o
a - solver_homogen_direct.o
a - solver_mix_direct.o
a - solver_mix_direct_hogan.o
a - solver_no_scat.o
a - solver_triple.o
a - solver_triple_hogan.o
a - solver_triple_app_scat.o
a - sph_matrix_solver.o
a - sph_solver.o
a - spherical_path.o
a - spherical_solar_source.o
a - spherical_trans_coeff.o
a - sum_k.o
a - trans_source_coeff.o
a - triple_column.o
a - triple_solar_source.o
a - two_coeff.o
a - two_coeff_basic.o
a - two_coeff_cloud.o
a - two_coeff_fast_lw.o
a - two_coeff_region.o
a - two_coeff_region_fast_lw.o
a - two_stream.o
a - nlte_heating_data_mod.o
a - nlte_heating_mod.o
a - sw_nlte_heating_mod.o
/opt/homebrew/bin/gfortran -Ofast -march=native -fPIC -fallow-argument-mismatch -cpp   -L/Library/Developer/CommandLineTools/SDKs/MacOSX.sdk/usr/lib/ -c  cosp_mod.f90
/opt/homebrew/bin/gfortran -Ofast -march=native -fPIC -fallow-argument-mismatch  -L/Library/Developer/CommandLineTools/SDKs/MacOSX.sdk/usr/lib/  -L/opt/homebrew/Cellar/netcdf-fortran/4.6.1_1/lib  -o prep_spec prep_spec.o \
	   radlib.a  -lnetcdff
/opt/homebrew/bin/gfortran -Ofast -march=native -fPIC -fallow-argument-mismatch  -L/Library/Developer/CommandLineTools/SDKs/MacOSX.sdk/usr/lib/  -o tidy_90 tidy_90.o radlib.a
/opt/homebrew/bin/gfortran -Ofast -march=native -fPIC -fallow-argument-mismatch  -L/Library/Developer/CommandLineTools/SDKs/MacOSX.sdk/usr/lib/  -o tune_weights tune_weights.o cklib.a
/opt/homebrew/bin/gfortran -Ofast -march=native -fPIC -fallow-argument-mismatch  -L/Library/Developer/CommandLineTools/SDKs/MacOSX.sdk/usr/lib/  -o l_run_cdl l_run_cdl.o radlib.a
/opt/homebrew/bin/gfortran -Ofast -march=native -fPIC -fallow-argument-mismatch  -L/Library/Developer/CommandLineTools/SDKs/MacOSX.sdk/usr/lib/  -o run_mono run_mono.o radlib.a
/opt/homebrew/bin/gfortran -Ofast -march=native -fPIC -fallow-argument-mismatch  -L/Library/Developer/CommandLineTools/SDKs/MacOSX.sdk/usr/lib/  -o assign_subcols assign_subcols.o radlib.a
/opt/homebrew/bin/gfortran -Ofast -march=native -fPIC -fallow-argument-mismatch  -L/Library/Developer/CommandLineTools/SDKs/MacOSX.sdk/usr/lib/  -o dentomix dentomix.o radlib.a
/opt/homebrew/bin/gfortran -Ofast -march=native -fPIC -fallow-argument-mismatch  -L/Library/Developer/CommandLineTools/SDKs/MacOSX.sdk/usr/lib/  -o dentoq dentoq.o radlib.a
/opt/homebrew/bin/gfortran -Ofast -march=native -fPIC -fallow-argument-mismatch  -L/Library/Developer/CommandLineTools/SDKs/MacOSX.sdk/usr/lib/  -o format_size format_size.o radlib.a
/opt/homebrew/bin/gfortran -Ofast -march=native -fPIC -fallow-argument-mismatch  -L/Library/Developer/CommandLineTools/SDKs/MacOSX.sdk/usr/lib/  -o fval fval.o radlib.a
/opt/homebrew/bin/gfortran -Ofast -march=native -fPIC -fallow-argument-mismatch  -L/Library/Developer/CommandLineTools/SDKs/MacOSX.sdk/usr/lib/  -o gen_horiz_cdl gen_horiz_cdl.o radlib.a
/opt/homebrew/bin/gfortran -Ofast -march=native -fPIC -fallow-argument-mismatch  -L/Library/Developer/CommandLineTools/SDKs/MacOSX.sdk/usr/lib/  -o gen_null gen_null.o radlib.a
/opt/homebrew/bin/gfortran -Ofast -march=native -fPIC -fallow-argument-mismatch  -L/Library/Developer/CommandLineTools/SDKs/MacOSX.sdk/usr/lib/  -o gen_surf_cdl gen_surf_cdl.o radlib.a
/opt/homebrew/bin/gfortran -Ofast -march=native -fPIC -fallow-argument-mismatch  -L/Library/Developer/CommandLineTools/SDKs/MacOSX.sdk/usr/lib/  -o gen_view_cdl gen_view_cdl.o radlib.a
/opt/homebrew/bin/gfortran -Ofast -march=native -fPIC -fallow-argument-mismatch  -L/Library/Developer/CommandLineTools/SDKs/MacOSX.sdk/usr/lib/  -o hmrsph hmrsph.o radlib.a
/opt/homebrew/bin/gfortran -Ofast -march=native -fPIC -fallow-argument-mismatch  -L/Library/Developer/CommandLineTools/SDKs/MacOSX.sdk/usr/lib/  -o inc_field inc_field.o radlib.a
/opt/homebrew/bin/gfortran -Ofast -march=native -fPIC -fallow-argument-mismatch  -L/Library/Developer/CommandLineTools/SDKs/MacOSX.sdk/usr/lib/  -o ice_size ice_size.o radlib.a
/opt/homebrew/bin/gfortran -Ofast -march=native -fPIC -fallow-argument-mismatch  -L/Library/Developer/CommandLineTools/SDKs/MacOSX.sdk/usr/lib/  -o interp interp.o radlib.a
/opt/homebrew/bin/gfortran -Ofast -march=native -fPIC -fallow-argument-mismatch  -L/Library/Developer/CommandLineTools/SDKs/MacOSX.sdk/usr/lib/  -o merge merge.o radlib.a
/opt/homebrew/bin/gfortran -Ofast -march=native -fPIC -fallow-argument-mismatch  -L/Library/Developer/CommandLineTools/SDKs/MacOSX.sdk/usr/lib/  -o mid_point mid_point.o radlib.a
/opt/homebrew/bin/gfortran -Ofast -march=native -fPIC -fallow-argument-mismatch  -L/Library/Developer/CommandLineTools/SDKs/MacOSX.sdk/usr/lib/  -o nettohr nettohr.o radlib.a
/opt/homebrew/bin/gfortran -Ofast -march=native -fPIC -fallow-argument-mismatch  -L/Library/Developer/CommandLineTools/SDKs/MacOSX.sdk/usr/lib/  -o phgt phgt.o radlib.a
/opt/homebrew/bin/gfortran -Ofast -march=native -fPIC -fallow-argument-mismatch  -L/Library/Developer/CommandLineTools/SDKs/MacOSX.sdk/usr/lib/  -o prep_opt_profile prep_opt_profile.o radlib.a
/opt/homebrew/bin/gfortran -Ofast -march=native -fPIC -fallow-argument-mismatch  -L/Library/Developer/CommandLineTools/SDKs/MacOSX.sdk/usr/lib/  -o raw_input raw_input.o radlib.a
/opt/homebrew/bin/gfortran -Ofast -march=native -fPIC -fallow-argument-mismatch  -L/Library/Developer/CommandLineTools/SDKs/MacOSX.sdk/usr/lib/  -o scale_field scale_field.o radlib.a
/opt/homebrew/bin/gfortran -Ofast -march=native -fPIC -fallow-argument-mismatch  -L/Library/Developer/CommandLineTools/SDKs/MacOSX.sdk/usr/lib/  -o vert_int vert_int.o radlib.a
/opt/homebrew/bin/gfortran -Ofast -march=native -fPIC -fallow-argument-mismatch  -L/Library/Developer/CommandLineTools/SDKs/MacOSX.sdk/usr/lib/  -o wadd wadd.o radlib.a
/opt/homebrew/bin/gfortran -Ofast -march=native -fPIC -fallow-argument-mismatch  -L/Library/Developer/CommandLineTools/SDKs/MacOSX.sdk/usr/lib/  -o samson2cdl samson2cdl.o radlib.a
/opt/homebrew/bin/gfortran -Ofast -march=native -fPIC -fallow-argument-mismatch  -L/Library/Developer/CommandLineTools/SDKs/MacOSX.sdk/usr/lib/  -o cdl2samson cdl2samson.o radlib.a
/opt/homebrew/bin/gfortran -Ofast -march=native -fPIC -fallow-argument-mismatch  -L/Library/Developer/CommandLineTools/SDKs/MacOSX.sdk/usr/lib/  -o runes_driver runes_driver.o radlib.a
/opt/homebrew/bin/gfortran -Ofast -march=native -fPIC -fallow-argument-mismatch  -L/Library/Developer/CommandLineTools/SDKs/MacOSX.sdk/usr/lib/  -o phoenix2sol phoenix2sol.o radlib.a
/opt/homebrew/bin/gfortran -Ofast -march=native -fPIC -fallow-argument-mismatch  -L/Library/Developer/CommandLineTools/SDKs/MacOSX.sdk/usr/lib/  -o orb_elem orb_elem.o radlib.a
/opt/homebrew/bin/gfortran -Ofast -march=native -fPIC -fallow-argument-mismatch  -L/Library/Developer/CommandLineTools/SDKs/MacOSX.sdk/usr/lib/  -L/opt/homebrew/Cellar/netcdf-fortran/4.6.1_1/lib  -o l_run_cdf \
	   l_run_cdf.o dimensions_cdf_ucf.o dimensions_field_cdf_ucf.o read_cdf.o write_cdf.o read_nc.o write_nc.o angular_control_cdf.o assign_input_novert_cdf.o assign_input_vert_cdf.o assign_input_opt_cdf.o assign_surface_char_cdf.o assign_viewing_geom_cdf.o input_aerosol_cdf.o input_cloud_cdf.o output_flux_cdf.o output_photolysis_cdf.o output_radiance_cdf.o output_vert_cdf.o radlib.a  -lnetcdff
/opt/homebrew/bin/gfortran -Ofast -march=native -fPIC -fallow-argument-mismatch  -L/Library/Developer/CommandLineTools/SDKs/MacOSX.sdk/usr/lib/  -L/opt/homebrew/Cellar/netcdf-fortran/4.6.1_1/lib  -o cdf2cdl \
	   cdf2cdl.o dimensions_cdf_ucf.o dimensions_field_cdf_ucf.o read_cdf.o write_cdf.o read_nc.o write_nc.o angular_control_cdf.o assign_input_novert_cdf.o assign_input_vert_cdf.o assign_input_opt_cdf.o assign_surface_char_cdf.o assign_viewing_geom_cdf.o input_aerosol_cdf.o input_cloud_cdf.o output_flux_cdf.o output_photolysis_cdf.o output_radiance_cdf.o output_vert_cdf.o radlib.a  -lnetcdff
/opt/homebrew/bin/gfortran -Ofast -march=native -fPIC -fallow-argument-mismatch  -L/Library/Developer/CommandLineTools/SDKs/MacOSX.sdk/usr/lib/  -L/opt/homebrew/Cellar/netcdf-fortran/4.6.1_1/lib  -o cdl2cdf \
	   cdl2cdf.o dimensions_cdf_ucf.o dimensions_field_cdf_ucf.o read_cdf.o write_cdf.o read_nc.o write_nc.o angular_control_cdf.o assign_input_novert_cdf.o assign_input_vert_cdf.o assign_input_opt_cdf.o assign_surface_char_cdf.o assign_viewing_geom_cdf.o input_aerosol_cdf.o input_cloud_cdf.o output_flux_cdf.o output_photolysis_cdf.o output_radiance_cdf.o output_vert_cdf.o radlib.a  -lnetcdff
/opt/homebrew/bin/gfortran -Ofast -march=native -fPIC -fallow-argument-mismatch  -L/Library/Developer/CommandLineTools/SDKs/MacOSX.sdk/usr/lib/  -L/opt/homebrew/Cellar/netcdf-fortran/4.6.1_1/lib  -o dentomix_cdf \
	   dentomix_cdf.o dimensions_cdf_ucf.o dimensions_field_cdf_ucf.o read_cdf.o write_cdf.o read_nc.o write_nc.o angular_control_cdf.o assign_input_novert_cdf.o assign_input_vert_cdf.o assign_input_opt_cdf.o assign_surface_char_cdf.o assign_viewing_geom_cdf.o input_aerosol_cdf.o input_cloud_cdf.o output_flux_cdf.o output_photolysis_cdf.o output_radiance_cdf.o output_vert_cdf.o radlib.a  -lnetcdff
/opt/homebrew/bin/gfortran -Ofast -march=native -fPIC -fallow-argument-mismatch  -L/Library/Developer/CommandLineTools/SDKs/MacOSX.sdk/usr/lib/  -L/opt/homebrew/Cellar/netcdf-fortran/4.6.1_1/lib  -o interp_cdf \
	   interp_cdf.o dimensions_cdf_ucf.o dimensions_field_cdf_ucf.o read_cdf.o write_cdf.o read_nc.o write_nc.o angular_control_cdf.o assign_input_novert_cdf.o assign_input_vert_cdf.o assign_input_opt_cdf.o assign_surface_char_cdf.o assign_viewing_geom_cdf.o input_aerosol_cdf.o input_cloud_cdf.o output_flux_cdf.o output_photolysis_cdf.o output_radiance_cdf.o output_vert_cdf.o radlib.a  -lnetcdff
/opt/homebrew/bin/gfortran -Ofast -march=native -fPIC -fallow-argument-mismatch  -L/Library/Developer/CommandLineTools/SDKs/MacOSX.sdk/usr/lib/  -L/opt/homebrew/Cellar/netcdf-fortran/4.6.1_1/lib  -o cdf2samson \
	   cdf2samson.o dimensions_cdf_ucf.o dimensions_field_cdf_ucf.o read_cdf.o write_cdf.o read_nc.o write_nc.o angular_control_cdf.o assign_input_novert_cdf.o assign_input_vert_cdf.o assign_input_opt_cdf.o assign_surface_char_cdf.o assign_viewing_geom_cdf.o input_aerosol_cdf.o input_cloud_cdf.o output_flux_cdf.o output_photolysis_cdf.o output_radiance_cdf.o output_vert_cdf.o radlib.a  -lnetcdff
/opt/homebrew/bin/gfortran -Ofast -march=native -fPIC -fallow-argument-mismatch  -L/Library/Developer/CommandLineTools/SDKs/MacOSX.sdk/usr/lib/  -L/opt/homebrew/Cellar/netcdf-fortran/4.6.1_1/lib  -o samson2cdf \
	   samson2cdf.o dimensions_cdf_ucf.o dimensions_field_cdf_ucf.o read_cdf.o write_cdf.o read_nc.o write_nc.o angular_control_cdf.o assign_input_novert_cdf.o assign_input_vert_cdf.o assign_input_opt_cdf.o assign_surface_char_cdf.o assign_viewing_geom_cdf.o input_aerosol_cdf.o input_cloud_cdf.o output_flux_cdf.o output_photolysis_cdf.o output_radiance_cdf.o output_vert_cdf.o radlib.a  -lnetcdff
/opt/homebrew/bin/gfortran -Ofast -march=native -fPIC -fallow-argument-mismatch  -L/Library/Developer/CommandLineTools/SDKs/MacOSX.sdk/usr/lib/  -L/opt/homebrew/Cellar/netcdf-fortran/4.6.1_1/lib  -o runes_nc \
	runes_nc.o dimensions_cdf_ucf.o dimensions_field_cdf_ucf.o read_cdf.o write_cdf.o read_nc.o write_nc.o angular_control_cdf.o assign_input_novert_cdf.o assign_input_vert_cdf.o assign_input_opt_cdf.o assign_surface_char_cdf.o assign_viewing_geom_cdf.o input_aerosol_cdf.o input_cloud_cdf.o output_flux_cdf.o output_photolysis_cdf.o output_radiance_cdf.o output_vert_cdf.o radlib.a  -lnetcdff
/opt/homebrew/bin/gfortran -Ofast -march=native -fPIC -fallow-argument-mismatch -cpp   -L/Library/Developer/CommandLineTools/SDKs/MacOSX.sdk/usr/lib/ -c  -I/opt/homebrew/Cellar/netcdf-fortran/4.6.1_1/include -I/opt/homebrew/Cellar/netcdf-fortran/4.6.1_1/include -I/opt/homebrew/Cellar/netcdf-fortran/4.6.1_1/include  cosp_driver.f90
/usr/bin/ar rvu  cosplib.a  \
	   cosp_kinds.o cosp_errorHandling.o cosp.o cosp_config.o cosp_constants.o cosp_stats.o cosp_atlid_interface.o cosp_calipso_interface.o cosp_cloudsat_interface.o cosp_grLidar532_interface.o cosp_isccp_interface.o cosp_misr_interface.o cosp_modis_interface.o cosp_parasol_interface.o cosp_rttov_interfaceSTUB.o MISR_simulator.o modis_simulator.o lidar_simulator.o icarus.o parasol.o quickbeam.o cosp_rttovSTUB.o cosp_optics.o cosp_utils.o array_lib.o math_lib.o mrgrnk.o optics_lib.o quickbeam_optics.o scops.o prec_scops.o mo_rng.o cosp_input_mod.o cosp_mod.o cosp_constants_mod.o cosp_types_mod.o cosp_radiation_mod.o cosp_def_diag.o cosp_diagnostics_mod.o realtype_rd.o ereport_mod.o get_free_unit.o \
	   cosp_driver.o
ar: creating archive cosplib.a
a - cosp_kinds.o
a - cosp_errorHandling.o
a - cosp.o
a - cosp_config.o
a - cosp_constants.o
a - cosp_stats.o
a - cosp_atlid_interface.o
a - cosp_calipso_interface.o
a - cosp_cloudsat_interface.o
a - cosp_grLidar532_interface.o
a - cosp_isccp_interface.o
a - cosp_misr_interface.o
a - cosp_modis_interface.o
a - cosp_parasol_interface.o
a - cosp_rttov_interfaceSTUB.o
a - MISR_simulator.o
a - modis_simulator.o
a - lidar_simulator.o
a - icarus.o
a - parasol.o
a - quickbeam.o
a - cosp_rttovSTUB.o
a - cosp_optics.o
a - cosp_utils.o
a - array_lib.o
a - math_lib.o
a - mrgrnk.o
a - optics_lib.o
a - quickbeam_optics.o
a - scops.o
a - prec_scops.o
a - mo_rng.o
a - cosp_input_mod.o
a - cosp_mod.o
a - cosp_constants_mod.o
a - cosp_types_mod.o
a - cosp_radiation_mod.o
a - cosp_def_diag.o
a - cosp_diagnostics_mod.o
a - realtype_rd.o
a - ereport_mod.o
a - get_free_unit.o
a - cosp_driver.o
/opt/homebrew/bin/gfortran -Ofast -march=native -fPIC -fallow-argument-mismatch  -L/Library/Developer/CommandLineTools/SDKs/MacOSX.sdk/usr/lib/  -L/opt/homebrew/Cellar/netcdf-fortran/4.6.1_1/lib  -o cosp_driver \
	   cosp_driver.o cosp2_io.o cosplib.a  -lnetcdff
All compiled OK
Setting path to distribution in set_rad_env
Tue Sep 29 16:40:58 CEST 2026
SOCRATES has been installed

You must now run the following command:
    export RAD_DIR='/Users/marianity/Desktop/Paper_three/PROTEUS/socrates'

You should also add this command to your shell rc file (e.g. ~/.bashrc)

NOTE: this rebuild removed AGNI's compiled SOCRATES wrappers under
      socrates/julia. If you ran this script directly (not via
      proteus install-all / update-all, which rebuild AGNI for you),
      regenerate them before running PROTEUS:
          RAD_DIR="/Users/marianity/Desktop/Paper_three/PROTEUS/socrates" bash "/Users/marianity/Desktop/Paper_three/PROTEUS/tools/get_agni.sh" 0
  done

Re-checking...

Environment
  [FAIL] FWL_DATA: not set
       fix: export FWL_DATA=<path>  # add to your shell rc file
  [FAIL] RAD_DIR: not set
       fix: export RAD_DIR=<path>  # add to your shell rc file
  [FAIL] FC_DIR: not set
       fix: export FC_DIR=<path>  # add to your shell rc file
  [FAIL] PYTHON_JULIAPKG_EXE: not set
       fix: export PYTHON_JULIAPKG_EXE=<path>  # add to your shell rc file
  [warn] julia: 1.11.9 (1.11 is deprecated and will be dropped; use 1.13)
       fix: juliaup add 1.13 && juliaup default 1.13

Package versions
  [ok] fwl-proteus: 25.11.19 [editable @ PROTEUS -> db39d15c]
  [ok] fwl-io: 26.8.31
  [ok] fwl-aragog: 26.9.18 [editable @ aragog -> aa3c94d]
  [ok] fwl-calliope: 26.7.3.post1.dev4+g74603c5f3 [editable @ CALLIOPE -> 74603c5]
  [ok] fwl-janus: 24.11.5
  [ok] fwl-mors: 26.1.2 [editable @ MORS -> 30fc462]
  [ok] fwl-zephyrus: 25.10.28 [editable @ ZEPHYRUS -> ab67f2d]
  [ok] fwl-zalmoxis: 26.9.21 [editable @ Zalmoxis -> 31853e4]
  [ok] AGNI: 1.13.0 (4a6c286c)
  [FAIL] SOCRATES: not installed
       fix: bash tools/get_socrates.sh

5 failed, 1 warnings

Run proteus update to fix 1 issue(s) automatically.
