N,jax_jit_s,jax_warm_s,jax_warm_std,jax_steps,scipy_s,scipy_std,scipy_nfev,speedup
9,5.0221651669126,5.138166041656707,0.07119449678357087,152,0.12668533328299722,0.0008142787312953052,93,0.024655749202326258
20,9.101384415989742,9.176953833317384,0.028817728499709875,9961,0.15815544462141892,0.0019666536679005973,116,0.0172339806317024
50,46.363486541900784,46.818108125279345,0.42918286305719855,113390,0.19885197204227248,0.0027770748869962703,115,0.004247330360085668
100,418.8991651670076,nan,0,0,0.240709902641053,0.005121349526403288,141,nan
200,1239.7925047909375,nan,0,0,0.2515145274034391,0.001594753422706657,120,nan
