star.dummy.Teff,orbit.semimajoraxis
2500,0.01
2500,0.0127427
4500,0.112884
4700,0.112884
4900,0.143845
5100,0.143845
