,struct.mass_tot,struct.corefrac
norm est,0.8964049143382801,1.0
norm true,0.8734294027918162,0.968540662820932
raw est,2.7410122858457,0.9000000000000001
raw true,2.6835735069795406,0.8811243976925592
